method,experiment,iteration,gamma,reward_lower_bound,best_gamma,best_reward_lower_bound
0,0,0,0.95789146425446,19.2687009458061,0.95789146425446,19.2687009458061
0,0,1,0.8,129.113807917553,0.8,129.113807917553
0,0,2,0.849363336846232,184.405362970141,0.849363336846232,184.405362970141
0,0,3,0.871760861030221,8.90589199622371,0.849363336846232,184.405362970141
0,0,4,0.8,62.717506096335,0.849363336846232,184.405362970141
0,0,5,0.9997,8.92250490197963,0.849363336846232,184.405362970141
0,0,6,0.827923778857291,8.53119819413323,0.849363336846232,184.405362970141
0,0,7,0.904896106564999,9.26643681576745,0.849363336846232,184.405362970141
0,0,8,0.8,43.4,0.849363336846232,184.405362970141
0,0,9,0.999321304541826,500,0.999321304541826,500
0,0,10,0.9997,8.55147186257614,0.999321304541826,500
0,0,11,0.939625259441137,8.82028577261856,0.999321304541826,500
0,0,12,0.999514919513464,500,0.999321304541826,500
0,0,13,0.999664183729887,500,0.999321304541826,500
0,0,14,0.9997,500,0.999321304541826,500
0,0,15,0.9997,371.665273185122,0.999321304541826,500
0,0,16,0.9997,500,0.999321304541826,500
0,0,17,0.9997,385.912257051668,0.999321304541826,500
0,0,18,0.9997,500,0.999321304541826,500
0,0,19,0.9997,500,0.999321304541826,500
0,0,20,0.9997,473.23881394189,0.999321304541826,500
0,0,21,0.9997,219.467984155388,0.999321304541826,500
0,0,22,0.9997,500,0.999321304541826,500
0,0,23,0.9997,8.94361305416037,0.999321304541826,500
0,0,24,0.976989449471235,8.67414287202071,0.999321304541826,500
0,0,25,0.9997,500,0.999321304541826,500
0,0,26,0.9997,249.338449236669,0.999321304541826,500
0,0,27,0.9997,8.53119819413323,0.999321304541826,500
0,0,28,0.880495781549812,23.1041615037966,0.999321304541826,500
0,0,29,0.972400967472792,8.53412469182446,0.999321304541826,500
0,0,30,0.999616512024403,167.289181707355,0.999321304541826,500
0,1,0,0.915753922493111,8.78028577261856,0.915753922493111,8.78028577261856
0,1,1,0.8,50.0540244358879,0.8,50.0540244358879
0,1,2,0.9997,500,0.9997,500
0,1,3,0.9997,500,0.9997,500
0,1,4,0.979750908893347,8.67414287202071,0.9997,500
0,1,5,0.857503729897738,15.030586935327,0.9997,500
0,1,6,0.828169636304677,54.0882711387007,0.9997,500
0,1,7,0.9997,63.5373735835708,0.9997,500
0,1,8,0.9997,8.50717967697245,0.9997,500
0,1,9,0.945670257854462,8.83431457505076,0.9997,500
0,1,10,0.8,21.6096323142789,0.9997,500
0,1,11,0.9997,500,0.9997,500
0,1,12,0.9997,498.584244923464,0.9997,500
0,1,13,0.9997,250.544365620512,0.9997,500
0,1,14,0.9997,500,0.9997,500
0,1,15,0.9997,27.9407201037099,0.9997,500
0,1,16,0.886410673701763,18.9267900223278,0.9997,500
0,1,17,0.9997,500,0.9997,500
0,1,18,0.9997,30.4283642655528,0.9997,500
0,1,19,0.960432107961178,120.160717503218,0.9997,500
0,1,20,0.800276766500156,8.92250490197963,0.9997,500
0,1,21,0.999315626788139,25.6875711484634,0.9997,500
0,1,22,0.948382748138905,8.53412469182446,0.9997,500
0,1,23,0.867584051883221,413.241121807477,0.9997,500
0,1,24,0.864833936065436,9.24775006100537,0.9997,500
0,1,25,0.902545242768526,96.219608044061,0.9997,500
0,1,26,0.999427598756552,37.862072898879,0.9997,500
0,1,27,0.800312350660842,8.50437122281339,0.9997,500
0,1,28,0.847562051634491,87.3450160297578,0.9997,500
0,1,29,0.918305722856522,500,0.9997,500
0,1,30,0.933899584084749,119.834343426216,0.9997,500
0,2,0,0.808619540846879,11.691168862729,0.808619540846879,11.691168862729
0,2,1,0.9997,365.433079702105,0.9997,365.433079702105
0,2,2,0.940917644733191,8.70717967697245,0.9997,365.433079702105
0,2,3,0.9997,500,0.9997,500
0,2,4,0.87116031062007,108.061036166137,0.9997,500
0,2,5,0.9997,8.74934003354314,0.9997,500
0,2,6,0.9997,8.54200222717425,0.9997,500
0,2,7,0.8,25.4144489494389,0.9997,500
0,2,8,0.908227019685507,-39.3718229243124,0.9997,500
0,2,9,0.96623298677206,8.53412469182446,0.9997,500
0,2,10,0.849481111550331,31.1627171887523,0.9997,500
0,2,11,0.999612238830328,37.2827371707063,0.9997,500
0,2,12,0.800181861642096,23.9483551957319,0.9997,500
0,2,13,0.895173078358173,13.9671171994062,0.9997,500
0,2,14,0.99954222510457,14.5571578836442,0.9997,500
0,2,15,0.800213887535501,8.78028577261856,0.9997,500
0,2,16,0.944363529390097,105.946255210531,0.9997,500
0,2,17,0.860882005244494,204.773664390635,0.9997,500
0,2,18,0.924925257569552,8.98868572571657,0.9997,500
0,2,19,0.84778239787519,13.8290666406083,0.9997,500
0,2,20,0.999664945524931,276.734873773773,0.9997,500
0,2,21,0.999671194624901,399.431157982618,0.9997,500
0,2,22,0.999432300460339,500,0.9997,500
0,2,23,0.999333886063099,376.809349060942,0.9997,500
0,2,24,0.970571183389425,8.42897332470012,0.9997,500
0,2,25,0.999452071422338,500,0.9997,500
0,2,26,0.999553806769848,8.36261240470562,0.9997,500
0,2,27,0.999327517932654,500,0.9997,500
0,2,28,0.999586635375023,325.16545761329,0.9997,500
0,2,29,0.999516431200504,96.4377719655858,0.9997,500
0,2,30,0.968213165861368,8.82028577261856,0.9997,500
0,3,0,0.990363482015521,374.239574066383,0.990363482015521,374.239574066383
0,3,1,0.8,107.47893243504,0.990363482015521,374.239574066383
0,3,2,0.931760439795256,44.2925769852054,0.990363482015521,374.239574066383
0,3,3,0.9997,99.0275723600346,0.990363482015521,374.239574066383
0,3,4,0.861844848713279,8.37616328230938,0.990363482015521,374.239574066383
0,3,5,0.9997,495.044857232124,0.9997,495.044857232124
0,3,6,0.9997,465.074900038825,0.9997,495.044857232124
0,3,7,0.9997,102.815751196528,0.9997,495.044857232124
0,3,8,0.963693554896116,48.3189980211413,0.9997,495.044857232124
0,3,9,0.8,13.7880701856163,0.9997,495.044857232124
0,3,10,0.9997,287.95072178475,0.9997,495.044857232124
0,3,11,0.9997,500,0.9997,500
0,3,12,0.9997,500,0.9997,500
0,3,13,0.9997,33.3707839803622,0.9997,500
0,3,14,0.898633657327294,348.223166473946,0.9997,500
0,3,15,0.902148418968916,31.2887059502132,0.9997,500
0,3,16,0.959425598162413,8.65166852264521,0.9997,500
0,3,17,0.842357086996734,37.9601675982557,0.9997,500
0,3,18,0.9997,427.865954220009,0.9997,500
0,3,19,0.9997,500,0.9997,500
0,3,20,0.9997,78.0664771019615,0.9997,500
0,3,21,0.881026603907347,29.0204120645678,0.9997,500
0,3,22,0.800002642826371,8.55778119658929,0.9997,500
0,3,23,0.99961735714078,33.6146104147795,0.9997,500
0,3,24,0.951881613260508,8.70550834017051,0.9997,500
0,3,25,0.839213007086516,42.310688643038,0.9997,500
0,3,26,0.99965699428916,8.80250490197963,0.9997,500
0,3,27,0.916566830444336,26.6017210000192,0.9997,500
0,3,28,0.800329041337315,22.8391112208234,0.9997,500
0,3,29,0.971234706872702,175.862109002509,0.9997,500
0,3,30,0.999456856447458,389.219025923063,0.9997,500
0,4,0,0.877902572285736,102.749976564246,0.877902572285736,102.749976564246
0,4,1,0.9997,364.047409983107,0.9997,364.047409983107
0,4,2,0.96340318005085,-2.64415585941887,0.9997,364.047409983107
0,4,3,0.8,80.7101188409891,0.9997,364.047409983107
0,4,4,0.9997,72.6601088685378,0.9997,364.047409983107
0,4,5,0.839024581843615,13.6625268649107,0.9997,364.047409983107
0,4,6,0.921860829877853,8.53119819413323,0.9997,364.047409983107
0,4,7,0.9997,500,0.9997,500
0,4,8,0.9997,188.495832424185,0.9997,500
0,4,9,0.8,141.051857741046,0.9997,500
0,4,10,0.9997,500,0.9997,500
0,4,11,0.9997,75.8983995532976,0.9997,500
0,4,12,0.954474299371242,8.82028577261856,0.9997,500
0,4,13,0.866067383417487,8.86257616903349,0.9997,500
0,4,14,0.999374023139477,34.8753520811875,0.9997,500
0,4,15,0.800242338980921,2.63134523116931,0.9997,500
0,4,16,0.907752528500557,27.2146434145607,0.9997,500
0,4,17,0.9996397110641,500,0.9997,500
0,4,18,0.999473139816523,313.340276460316,0.9997,500
0,4,19,0.999477662974596,500,0.9997,500
0,4,20,0.999676170098782,139.134532513755,0.9997,500
0,4,21,0.999599502569437,8.88,0.9997,500
0,4,22,0.800180509344302,21.6880552999796,0.9997,500
0,4,23,0.962677106052637,9.01518002592747,0.9997,500
0,4,24,0.84571799877286,8.76528150943547,0.9997,500
0,4,25,0.896077662360668,23.835585997031,0.9997,500
0,4,26,0.99957073290348,500,0.9997,500
0,4,27,0.999695774418116,385.782448842363,0.9997,500
0,4,28,0.999685680633783,500,0.9997,500
0,4,29,0.999446191316843,222.185230371334,0.9997,500
0,4,30,0.999633819055557,301.901914343619,0.9997,500
0,5,0,0.942410996447897,31.11082379839,0.942410996447897,31.11082379839
0,5,1,0.8,29.5192126136805,0.942410996447897,31.11082379839
0,5,2,0.9997,500,0.9997,500
0,5,3,0.9997,28.9118121075433,0.9997,500
0,5,4,0.872307443022728,8.56602267034883,0.9997,500
0,5,5,0.9997,500,0.9997,500
0,5,6,0.9997,195.760680853119,0.9997,500
0,5,7,0.9997,105.981278391421,0.9997,500
0,5,8,0.8,15.5042916943638,0.9997,500
0,5,9,0.955466954022646,8.74257616903349,0.9997,500
0,5,10,0.900213626199961,117.576260134486,0.9997,500
0,5,11,0.9997,104.08254418965,0.9997,500
0,5,12,0.845429055269063,8.90589199622371,0.9997,500
0,5,13,0.999537321048975,500,0.9997,500
0,5,14,0.999510098779202,500,0.9997,500
0,5,15,0.9997,200.41068648538,0.9997,500
0,5,16,0.967303963476419,54.4299626680287,0.9997,500
0,5,17,0.999555889803171,500,0.9997,500
0,5,18,0.9997,148.58977966376,0.9997,500
0,5,19,0.911423011761904,181.263138723212,0.9997,500
0,5,20,0.800272560632695,40.8675769904398,0.9997,500
0,5,21,0.999672349220514,500,0.9997,500
0,5,22,0.999541451406479,152.832441970968,0.9997,500
0,5,23,0.867516317591071,16.6703672128496,0.9997,500
0,5,24,0.970176716393232,8.86257616903349,0.9997,500
0,5,25,0.9161950268507,8.57694354180444,0.9997,500
0,5,26,0.833455642841756,36.1733766489674,0.9997,500
0,5,27,0.999456951671839,217.187686462579,0.9997,500
0,5,28,0.999311877328158,435.45192717755,0.9997,500
0,5,29,0.999538951766491,322.494843301147,0.9997,500
0,5,30,0.978452214986086,8.67414287202071,0.9997,500
0,6,0,0.996507836493269,213.505830989407,0.996507836493269,213.505830989407
0,6,1,0.8,14.64,0.996507836493269,213.505830989407
0,6,2,0.936402902114391,117.685617495203,0.996507836493269,213.505830989407
0,6,3,0.9997,33.1775167932972,0.996507836493269,213.505830989407
0,6,4,0.887278149953485,85.2785172287209,0.996507836493269,213.505830989407
0,6,5,0.957596302103996,74.6425498052942,0.996507836493269,213.505830989407
0,6,6,0.9997,500,0.9997,500
0,6,7,0.84568333709836,157.22959621663,0.9997,500
0,6,8,0.9997,101.844954102056,0.9997,500
0,6,9,0.800110813839082,45.2790826009794,0.9997,500
0,6,10,0.90147874161005,47.3962667131248,0.9997,500
0,6,11,0.999604430431128,500,0.9997,500
0,6,12,0.999359227651358,26.0222912360003,0.9997,500
0,6,13,0.85349825321734,168.862737763919,0.9997,500
0,6,14,0.947581030273438,8.56602267034883,0.9997,500
0,6,15,0.80038808733467,128.251720767654,0.9997,500
0,6,16,0.999395424818993,230.4328026155,0.9997,500
0,6,17,0.860568223056197,82.0813972542994,0.9997,500
0,6,18,0.999569018864632,203.142568985937,0.9997,500
0,6,19,0.800178268595599,32.107435288524,0.9997,500
0,6,20,0.913822963726521,95.0995705804296,0.9997,500
0,6,21,0.966399284249544,37.3191478753612,0.9997,500
0,6,22,0.842399006554484,8.61547009096655,0.9997,500
0,6,23,0.999682407295704,8.48477547928716,0.9997,500
0,6,24,0.894261548927426,8.82028577261856,0.9997,500
0,6,25,0.800023215778358,95.5313219698644,0.9997,500
0,6,26,0.999698893016577,339.985590517483,0.9997,500
0,6,27,0.999366333770752,496.932530667506,0.9997,500
0,6,28,0.999689549124241,425.963333440508,0.9997,500
0,6,29,0.999520002114773,370.715913098679,0.9997,500
0,6,30,0.968130713450909,97.2642010442395,0.9997,500
0,7,0,0.88649452483031,468.656719395502,0.88649452483031,468.656719395502
0,7,1,0.9997,500,0.9997,500
0,7,2,0.8,8.63600995031033,0.9997,500
0,7,3,0.943386717694998,134.943240084561,0.9997,500
0,7,4,0.9997,308.612504766593,0.9997,500
0,7,5,0.865874446919561,11.4387506097562,0.9997,500
0,7,6,0.9997,500,0.9997,500
0,7,7,0.9997,189.603565426946,0.9997,500
0,7,8,0.964314608305693,8.37837363085848,0.9997,500
0,7,9,0.90558337662816,8.70550834017051,0.9997,500
0,7,10,0.9997,177.548015896159,0.9997,500
0,7,11,0.9997,66.6632037552105,0.9997,500
0,7,12,0.8,117.055522108631,0.9997,500
0,7,13,0.846916888602078,111.705307345227,0.9997,500
0,7,14,0.927777525341511,336.141828577125,0.9997,500
0,7,15,0.9997,305.317596896609,0.9997,500
0,7,16,0.939232744544745,8.50437122281339,0.9997,500
0,7,17,0.999329791414738,500,0.9997,500
0,7,18,0.9997,450.593097202548,0.9997,500
0,7,19,0.9997,500,0.9997,500
0,7,20,0.9997,147.528485169003,0.9997,500
0,7,21,0.885155402112007,168.395747451224,0.9997,500
0,7,22,0.9997,500,0.9997,500
0,7,23,0.9997,500,0.9997,500
0,7,24,0.9997,449.390474378778,0.9997,500
0,7,25,0.9997,447.81525821526,0.9997,500
0,7,26,0.978817198133469,8.33313727609963,0.9997,500
0,7,27,0.830111353671551,8.82028577261856,0.9997,500
0,7,28,0.902947672903538,500,0.9997,500
0,7,29,0.904254913198948,45.2290809042814,0.9997,500
0,7,30,0.9997,500,0.9997,500
0,8,0,0.869264624012688,18.1817713309001,0.869264624012688,18.1817713309001
0,8,1,0.9997,493.393142976166,0.9997,493.393142976166
0,8,2,0.959947332543135,34.6235289055381,0.9997,493.393142976166
0,8,3,0.8,66.7428220914147,0.9997,493.393142976166
0,8,4,0.9997,195.93569348112,0.9997,493.393142976166
0,8,5,0.9997,185.085957918454,0.9997,493.393142976166
0,8,6,0.920405051451922,60.8823460612327,0.9997,493.393142976166
0,8,7,0.9997,337.883724954641,0.9997,493.393142976166
0,8,8,0.9997,500,0.9997,500
0,8,9,0.9997,240.663500503018,0.9997,500
0,8,10,0.8,8.50717967697245,0.9997,500
0,8,11,0.9997,168.420722129183,0.9997,500
0,8,12,0.824750906962901,304.428288959795,0.95789146425446,500
0,8,13,0.824709878645837,51.1154023939744,0.95789146425446,500
0,8,14,0.824766889780015,17.2720199006207,0.95789146425446,500
0,8,15,0.984913165396452,8.32,0.95789146425446,500
0,8,16,0.824761191195995,9.01518002592747,0.95789146425446,500
0,8,17,0.985206658840179,107.134792663564,0.95789146425446,500
0,8,18,0.885602260372043,116.730509079832,0.95789146425446,500
0,8,19,0.98504609863162,132.123594229284,0.95789146425446,500
0,8,20,0.824836893090606,8.86257616903349,0.95789146425446,500
0,8,21,0.88571398832798,296.117916683288,0.95789146425446,500
0,8,22,0.885661376857758,381.738400599115,0.95789146425446,500
0,8,23,0.885534436807037,62.1983052064545,0.95789146425446,500
0,8,24,0.921471993023157,140.697086074743,0.95789146425446,500
0,8,25,0.985086152386665,117.059614405442,0.95789146425446,500
0,8,26,0.885649330973625,121.27984000256,0.95789146425446,500
0,8,27,0.921683462566137,13.7821017683677,0.95789146425446,500
0,8,28,0.824538279848546,29.8282071303292,0.95789146425446,500
0,8,29,0.984915700745583,132.211682316635,0.95789146425446,500
0,8,30,0.884857492637634,27.489099462833,0.95789146425446,500
0,9,0,0.846345289695237,24.4307460443669,0.846345289695237,24.4307460443669
0,9,1,0.9997,500,0.9997,500
0,9,2,0.951803362625837,8.84,0.9997,500
0,9,3,0.9997,38.0275381603656,0.9997,500
0,9,4,0.8,49.0789130702313,0.9997,500
0,9,5,0.902809478521347,90.9453673657631,0.9997,500
0,9,6,0.9997,379.080468020857,0.9997,500
0,9,7,0.9997,140.752065656365,0.9997,500
0,9,8,0.8,-30.6527591407156,0.9997,500
0,9,9,0.9997,215.89543127975,0.9997,500
0,9,10,0.941483468002081,8.80286446891264,0.9997,500
0,9,11,0.875460982879996,114.039210253785,0.9997,500
0,9,12,0.999669837677479,194.493911124137,0.9997,500
0,9,13,0.972026961815357,123.267361254094,0.9997,500
0,9,14,0.886482395514846,9.05166852264521,0.9997,500
0,9,15,0.999345039218664,37.132276459251,0.9997,500
0,9,16,0.800323258688022,21.699641564033,0.9997,500
0,9,17,0.927025133705139,52.1028547982463,0.9997,500
0,9,18,0.846433865907788,55.6359366372883,0.9997,500
0,9,19,0.99935379986167,500,0.9997,500
0,9,20,0.999493089324236,9.05119819413323,0.9997,500
0,9,21,0.800015729505383,23.2264075471774,0.9997,500
0,9,22,0.961617246794701,9.51425494721325,0.9997,500
0,9,23,0.999337040370703,57.0547007688969,0.9997,500
0,9,24,0.864918548879027,8.89412469182446,0.9997,500
0,9,25,0.914671341538429,32.4832473689825,0.9997,500
0,9,26,0.999409648960829,493.629102155588,0.9997,500
0,9,27,0.999481567174197,500,0.9997,500
0,9,28,0.999326208597422,500,0.9997,500
0,9,29,0.999318543034792,250.155214964363,0.9997,500
0,9,30,0.999402269071341,500,0.9997,500
0,10,0,0.960804786408522,47.8836622341933,0.960804786408522,47.8836622341933
0,10,1,0.8,60.8477962770652,0.8,60.8477962770652
0,10,2,0.850281984299421,8.78028577261856,0.8,60.8477962770652
0,10,3,0.9997,500,0.9997,500
0,10,4,0.9997,500,0.9997,500
0,10,5,0.901516843265295,4.7403929301158,0.9997,500
0,10,6,0.9997,19.8137018448725,0.9997,500
0,10,7,0.9997,244.296595803286,0.9997,500
0,10,8,0.9997,500,0.9997,500
0,10,9,0.9997,8.55778119658929,0.9997,500
0,10,10,0.8,48.498813763807,0.9997,500
0,10,11,0.947168911057711,8.76754446796632,0.9997,500
0,10,12,0.9997,500,0.9997,500
0,10,13,0.9997,171.519757871024,0.9997,500
0,10,14,0.9997,482.042492637281,0.9997,500
0,10,15,0.9997,340.509285387649,0.9997,500
0,10,16,0.9997,500,0.9997,500
0,10,17,0.9997,464.919343802257,0.9997,500
0,10,18,0.9997,500,0.9997,500
0,10,19,0.9997,500,0.9997,500
0,10,20,0.9997,500,0.9997,500
0,10,21,0.9997,17.2563110081646,0.9997,500
0,10,22,0.976026207250357,8.48477547928716,0.9997,500
0,10,23,0.87010656952858,8.63600995031033,0.9997,500
0,10,24,0.9997,56.2286700526943,0.9997,500
0,10,25,0.8,132.08821102955,0.9997,500
0,10,26,0.833600773724914,8.65485044646689,0.9997,500
0,10,27,0.921279163652658,33.0435633704216,0.9997,500
0,10,28,0.999642091673613,498.820204102887,0.9997,500
0,10,29,0.999424396836758,8.48477547928716,0.9997,500
0,10,30,0.800136160448939,106.677909431459,0.9997,500
0,11,0,0.994663449963859,8.42897332470012,0.994663449963859,8.42897332470012
0,11,1,0.8,37.315803951025,0.8,37.315803951025
0,11,2,0.859662395185232,34.3895229586341,0.8,37.315803951025
0,11,3,0.82258695821017,8.53119819413323,0.8,37.315803951025
0,11,4,0.904555084252358,8.85166852264521,0.8,37.315803951025
0,11,5,0.8,8.78028577261856,0.8,37.315803951025
0,11,6,0.864751590782404,8.56602267034883,0.8,37.315803951025
0,11,7,0.950083586508036,8.52,0.8,37.315803951025
0,11,8,0.8,43.6906671184909,0.8,43.6906671184909
0,11,9,0.8,34.6690443574701,0.8,43.6906671184909
0,11,10,0.8,354.069459640435,0.8,354.069459640435
0,11,11,0.999624546581507,302.048098097685,0.8,354.069459640435
0,11,12,0.9997,500,0.9997,500
0,11,13,0.9997,310.860839019445,0.9997,500
0,11,14,0.9997,500,0.9997,500
0,11,15,0.9997,235.35450091527,0.9997,500
0,11,16,0.9997,387.783173118023,0.9997,500
0,11,17,0.9997,500,0.9997,500
0,11,18,0.9997,31.4488080810649,0.9997,500
0,11,19,0.963480859339237,39.6805070513064,0.9997,500
0,11,20,0.999638770723343,500,0.9997,500
0,11,21,0.9997,370.715238248609,0.9997,500
0,11,22,0.9997,487.730122670022,0.9997,500
0,11,23,0.9997,214.119151533331,0.9997,500
0,11,24,0.999458868062496,464.643976020651,0.9997,500
0,11,25,0.9997,500,0.9997,500
0,11,26,0.9997,500,0.9997,500
0,11,27,0.9997,417.329373571739,0.9997,500
0,11,28,0.9997,327.955744795509,0.9997,500
0,11,29,0.999438561463356,141.586417511583,0.9997,500
0,11,30,0.975943921482563,41.2148569487358,0.9997,500
0,12,0,0.891478519016559,107.531372760996,0.891478519016559,107.531372760996
0,12,1,0.9997,500,0.9997,500
0,12,2,0.8,25.2931634853986,0.9997,500
0,12,3,0.976547382187843,206.239877451019,0.9997,500
0,12,4,0.9997,184.456252318759,0.9997,500
0,12,5,0.944881669050455,77.2253972021596,0.9997,500
0,12,6,0.9997,136.047823922605,0.9997,500
0,12,7,0.849719818241894,27.3571987769427,0.9997,500
0,12,8,0.999507991939783,41.9023542913491,0.9997,500
0,12,9,0.925890713757277,65.3103122044895,0.9997,500
0,12,10,0.800209956926014,8.50717967697245,0.9997,500
0,12,11,0.99946627175808,390.371577682402,0.9997,500
0,12,12,0.999453916394711,8.70550834017051,0.9997,500
0,12,13,0.88618794387579,17.2566275113006,0.9997,500
0,12,14,0.9523759111166,8.35475494121164,0.9997,500
0,12,15,0.800153041202202,23.5434286285829,0.9997,500
0,12,16,0.999458463358879,283.425946704675,0.9997,500
0,12,17,0.999583754837513,326.933215213871,0.9997,500
0,12,18,0.852877378353477,132.191172457203,0.9997,500
0,12,19,0.99946831908226,9.53736416885295,0.9997,500
0,12,20,0.926589767837524,67.0435934939237,0.9997,500
0,12,21,0.80035714015495,51.4298199524195,0.9997,500
0,12,22,0.864602499160171,47.0062893932141,0.9997,500
0,12,23,0.959663706725836,163.773005021536,0.9997,500
0,12,24,0.999585587906838,264.717928040802,0.9997,500
0,12,25,0.999389758968353,236.097549744589,0.9997,500
0,12,26,0.958057747548819,26.0708827707956,0.9997,500
0,12,27,0.83902405513376,111.698955614968,0.9997,500
0,12,28,0.900535758376122,8.67414287202071,0.9997,500
0,12,29,0.800183159074281,124.420018018033,0.9997,500
0,12,30,0.999335969096422,456.261787309748,0.9997,500
0,13,0,0.99689387855042,38.5278043790719,0.99689387855042,38.5278043790719
0,13,1,0.8,8.72528150943547,0.99689387855042,38.5278043790719
0,13,2,0.936697216868401,31.9703956697036,0.99689387855042,38.5278043790719
0,13,3,0.9997,8.2840100503147,0.99689387855042,38.5278043790719
0,13,4,0.896260415801406,15.5213337039096,0.99689387855042,38.5278043790719
0,13,5,0.954703052139282,13.6218159107942,0.99689387855042,38.5278043790719
0,13,6,0.861171350476146,15.5131136684402,0.99689387855042,38.5278043790719
0,13,7,0.9997,500,0.9997,500
0,13,8,0.800316213873972,24.2306889306376,0.9997,500
0,13,9,0.999455463790894,273.113378168218,0.9997,500
0,13,10,0.999597967076302,445.260666672409,0.9997,500
0,13,11,0.999453059375286,109.882143417897,0.9997,500
0,13,12,0.843210824155808,463.320484657409,0.9997,500
0,13,13,0.840140474697948,8.56754446796632,0.9997,500
0,13,14,0.80000115701342,500,0.9997,500
0,13,15,0.8,500,0.9997,500
0,13,16,0.8,18.113470622867,0.9997,500
0,13,17,0.8,85.8931002366623,0.9997,500
0,13,18,0.892256385341287,488.239162831445,0.9997,500
0,13,19,0.901609841775894,145.520362176337,0.9997,500
0,13,20,0.999649459660053,167.021541476947,0.9997,500
0,13,21,0.870584006717801,71.3754325947874,0.9997,500
0,13,22,0.938234912067652,49.7175611770954,0.9997,500
0,13,23,0.80032196609145,32.7652334722256,0.9997,500
0,13,24,0.999547510057688,433.375445207652,0.9997,500
0,13,25,0.99961691672802,279.808526126435,0.9997,500
0,13,26,0.999605239838362,180.11117992544,0.9997,500
0,13,27,0.858623401969671,36.9381917146675,0.9997,500
0,13,28,0.951924809420109,8.48590801814589,0.9997,500
0,13,29,0.999579005521536,500,0.9997,500
0,13,30,0.999558508473635,405.609091535273,0.9997,500
0,14,0,0.968620803700086,50.7171361605247,0.968620803700086,50.7171361605247
0,14,1,0.8,123.352092603352,0.8,123.352092603352
0,14,2,0.852658493211866,8.51714769977178,0.8,123.352092603352
0,14,3,0.8,193.519733735465,0.8,193.519733735465
0,14,4,0.9997,500,0.9997,500
0,14,5,0.9997,370.014287143715,0.9997,500
0,14,6,0.907433312571049,8.44133481811617,0.9997,500
0,14,7,0.9997,315.4905426141,0.9997,500
0,14,8,0.9997,500,0.9997,500
0,14,9,0.9997,500,0.9997,500
0,14,10,0.9997,20.5008995779419,0.9997,500
0,14,11,0.9997,485.653700165526,0.9997,500
0,14,12,0.9997,440.627102642281,0.9997,500
0,14,13,0.9997,43.5541532961968,0.9997,500
0,14,14,0.954735261785984,32.0766831162155,0.9997,500
0,14,15,0.9997,8.58678788880707,0.9997,500
0,14,16,0.8,248.310004003203,0.9997,500
0,14,17,0.838371047993004,95.3775777386949,0.9997,500
0,14,18,0.8,8.64353861898849,0.9997,500
0,14,19,0.887936816993356,33.7031561112727,0.9997,500
0,14,20,0.9997,500,0.9997,500
0,14,21,0.9997,89.2854467681484,0.9997,500
0,14,22,0.950538866174221,203.914479306699,0.9997,500
0,14,23,0.999573363476992,86.9642223643738,0.9997,500
0,14,24,0.938302640408278,25.8376009592328,0.9997,500
0,14,25,0.80020775430426,8.83431457505076,0.9997,500
0,14,26,0.999549914473295,500,0.9997,500
0,14,27,0.999686061531305,156.872032396568,0.9997,500
0,14,28,0.865398390483856,120.38383771014,0.9997,500
0,14,29,0.999311841619015,152.483852958881,0.9997,500
0,14,30,0.965025255954266,8.50717967697245,0.9997,500
0,15,0,0.830737642248843,8.51714769977178,0.830737642248843,8.51714769977178
0,15,1,0.9997,467.433434406825,0.9997,467.433434406825
0,15,2,0.94694055109024,35.7762534280943,0.9997,467.433434406825
0,15,3,0.9997,500,0.9997,500
0,15,4,0.987933968418837,52.7990747711765,0.9997,500
0,15,5,0.888742320027948,165.038568049679,0.9997,500
0,15,6,0.9997,216.467313373229,0.9997,500
0,15,7,0.8,183.259451908352,0.9997,500
0,15,8,0.9997,473.201115568837,0.9997,500
0,15,9,0.9997,191.862516718697,0.9997,500
0,15,10,0.8,140.348019489768,0.9997,500
0,15,11,0.911604926037788,8.67402233281561,0.9997,500
0,15,12,0.9997,12.726257648078,0.9997,500
0,15,13,0.858931524258852,8.37837363085848,0.9997,500
0,15,14,0.800136085148214,8.32669333376001,0.9997,500
0,15,15,0.999684502232075,411.279348537082,0.9997,500
0,15,16,0.962426237422228,20.4971102760844,0.9997,500
0,15,17,0.9994886256814,500,0.9997,500
0,15,18,0.9997,171.031103077869,0.9997,500
0,15,19,0.999403126090765,18.4609280570335,0.9997,500
0,15,20,0.873553102901578,11.4608573178557,0.9997,500
0,15,21,0.947680051726103,8.73518002592747,0.9997,500
0,15,22,0.800354046106525,465.101608646919,0.9997,500
0,15,23,0.80020719167603,15.7134792789215,0.9997,500
0,15,24,0.999688620686531,14.4295296886169,0.9997,500
0,15,25,0.80014638609672,143.80919582932,0.9997,500
0,15,26,0.843837073245645,18.2605454996318,0.9997,500
0,15,27,0.917016491872072,8.61547009096655,0.9997,500
0,15,28,0.999373439890146,500,0.9997,500
0,15,29,0.99952665591836,500,0.9997,500
0,15,30,0.99942140917182,307.252948246654,0.9997,500
0,16,0,0.992131560058596,8.76528150943547,0.992131560058596,8.76528150943547
0,16,1,0.8,66.5028796755412,0.8,66.5028796755412
0,16,2,0.859043305778503,30.1569708555197,0.8,66.5028796755412
0,16,3,0.8,221.698877061541,0.8,221.698877061541
0,16,4,0.922422701334953,134.181105484071,0.8,221.698877061541
0,16,5,0.8,8.58678788880707,0.8,221.698877061541
0,16,6,0.913194328075647,175.690591691371,0.8,221.698877061541
0,16,7,0.940730695468187,44.6513035124554,0.8,221.698877061541
0,16,8,0.887133313670754,28.3290092715639,0.8,221.698877061541
0,16,9,0.9997,500,0.9997,500
0,16,10,0.9997,24.6389189283198,0.9997,500
0,16,11,0.999661672186852,500,0.9997,500
0,16,12,0.9997,484.798439824209,0.9997,500
0,16,13,0.9997,500,0.9997,500
0,16,14,0.9997,63.2606438134714,0.9997,500
0,16,15,0.9997,8.25166852264521,0.9997,500
0,16,16,0.960728517651558,271.225741804006,0.9997,500
0,16,17,0.999345479631424,273.303814855373,0.9997,500
0,16,18,0.95869996457696,35.5479276421266,0.9997,500
0,16,19,0.800097840447165,50.1257049689482,0.9997,500
0,16,20,0.999464164918661,500,0.9997,500
0,16,21,0.999334576439858,8.50717967697245,0.9997,500
0,16,22,0.8566465854913,8.70717967697245,0.9997,500
0,16,23,0.999553033071756,463.062600314613,0.9997,500
0,16,24,0.999659624862671,347.982712026133,0.9997,500
0,16,25,0.958010992377996,127.923149199932,0.9997,500
0,16,26,0.999380700749159,3.30292958717075,0.9997,500
0,16,27,0.800311502382718,39.5809601522117,0.9997,500
0,16,28,0.905296382248402,118.805085841771,0.9997,500
0,16,29,0.999460534489155,439.657259054932,0.9997,500
0,16,30,0.999414053088427,188.469947084884,0.9997,500
0,17,0,0.952576708292445,25.0765865499635,0.952576708292445,25.0765865499635
0,17,1,0.8,13.9828238216509,0.952576708292445,25.0765865499635
0,17,2,0.9997,500,0.9997,500
0,17,3,0.9997,192.549866435415,0.9997,500
0,17,4,0.875731681987643,110.365741861374,0.9997,500
0,17,5,0.9997,310.441963886577,0.9997,500
0,17,6,0.9997,24.0771260576177,0.9997,500
0,17,7,0.914060048627853,8.58678788880707,0.9997,500
0,17,8,0.836930847680569,38.463583195658,0.9997,500
0,17,9,0.999643305784464,500,0.9997,500
0,17,10,0.9997,500,0.9997,500
0,17,11,0.9997,-34.5422676685845,0.9997,500
0,17,12,0.8,63.4812141163769,0.9997,500
0,17,13,0.960797079205513,102.886824670984,0.9997,500
0,17,14,0.9997,8.47684863886644,0.9997,500
0,17,15,0.884762916973233,8.45262451434568,0.9997,500
0,17,16,0.800230699474271,28.9941193422615,0.9997,500
0,17,17,0.947377285808325,25.5035280733456,0.9997,500
0,17,18,0.999550438207388,231.876383300605,0.9997,500
0,17,19,0.852113268166781,8.53412469182446,0.9997,500
0,17,20,0.999521025776863,221.776872829299,0.9997,500
0,17,21,0.999357025587559,197.593159309966,0.9997,500
0,17,22,0.800082510065846,94.7006057483244,0.9997,500
0,17,23,0.924039408963919,172.431606918257,0.9997,500
0,17,24,0.999699500072002,181.881678741552,0.9997,500
0,17,25,0.958596491384506,13.5610495117666,0.9997,500
0,17,26,0.886416506195068,67.9316510530398,0.9997,500
0,17,27,0.800296997775324,8.86257616903349,0.9997,500
0,17,28,0.999349836146832,325.961049704493,0.9997,500
0,17,29,0.849783294218779,8.65485044646689,0.9997,500
0,17,30,0.999540570580959,341.965074798465,0.9997,500
0,18,0,0.800268265974705,8.28594563444547,0.800268265974705,8.28594563444547
0,18,1,0.9997,500,0.9997,500
0,18,2,0.938908124631643,8.80286446891264,0.9997,500
0,18,3,0.9997,500,0.9997,500
0,18,4,0.986428435254097,108.183092194119,0.9997,500
0,18,5,0.872867201688886,-17.7497235069516,0.9997,500
0,18,6,0.835990313498676,114.154777845821,0.9997,500
0,18,7,0.9997,500,0.9997,500
0,18,8,0.906754398447275,67.5789043022074,0.9997,500
0,18,9,0.997841839051247,119.998502326158,0.9997,500
0,18,10,0.9997,240.902353648333,0.9997,500
0,18,11,0.9997,489.66120402025,0.9997,500
0,18,12,0.9997,8.92250490197963,0.9997,500
0,18,13,0.8,116.105130670284,0.9997,500
0,18,14,0.9997,500,0.9997,500
0,18,15,0.9997,312.054612083704,0.9997,500
0,18,16,0.966456680744886,20.8662975193598,0.9997,500
0,18,17,0.9997,500,0.9997,500
0,18,18,0.9997,500,0.9997,500
0,18,19,0.9997,9.72589512961514,0.9997,500
0,18,20,0.9997,39.4652427398244,0.9997,500
0,18,21,0.8,100.011128311015,0.9997,500
0,18,22,0.855106884628534,8.74257616903349,0.9997,500
0,18,23,0.958535773938894,249.051266821146,0.9997,500
0,18,24,0.999581064748764,500,0.9997,500
0,18,25,0.999329029619694,8.61811052036034,0.9997,500
0,18,26,0.943065847241879,8.59007692762912,0.9997,500
0,18,27,0.80009976074351,21.0826327189489,0.9997,500
0,18,28,0.99949770770669,303.687086109569,0.9997,500
0,18,29,0.999413493645191,500,0.9997,500
0,18,30,0.999353680831194,500,0.9997,500
0,19,0,0.964635038233449,8.83431457505076,0.964635038233449,8.83431457505076
0,19,1,0.8,9.11010205144337,0.8,9.11010205144337
0,19,2,0.851462576168776,33.3365044143716,0.851462576168776,33.3365044143716
0,19,3,0.882067257598043,8.83431457505076,0.851462576168776,33.3365044143716
0,19,4,0.839563620279729,36.3479087550517,0.839563620279729,36.3479087550517
0,19,5,0.839536737246811,8.2840100503147,0.839563620279729,36.3479087550517
0,19,6,0.9997,500,0.9997,500
0,19,7,0.9997,163.498960605745,0.9997,500
0,19,8,0.9997,236.032054406734,0.9997,500
0,19,9,0.9997,482.178554113036,0.9997,500
0,19,10,0.9997,500,0.9997,500
0,19,11,0.9997,500,0.9997,500
0,19,12,0.9997,374.136826605852,0.9997,500
0,19,13,0.9997,202.076634955635,0.9997,500
0,19,14,0.92752402613759,75.9467001677157,0.9997,500
0,19,15,0.9997,500,0.9997,500
0,19,16,0.9997,444.45984615414,0.9997,500
0,19,17,0.9997,500,0.9997,500
0,19,18,0.9997,500,0.9997,500
0,19,19,0.9997,500,0.9997,500
0,19,20,0.9997,388.022593837571,0.9997,500
0,19,21,0.9997,224.91893393221,0.9997,500
0,19,22,0.9997,180.958579407718,0.9997,500
0,19,23,0.97729833355546,35.7332858838236,0.9997,500
0,19,24,0.905336959737539,21.0731219607369,0.9997,500
0,19,25,0.9997,488.459501098097,0.9997,500
0,19,26,0.9997,111.507887426285,0.9997,500
0,19,27,0.8,12.2356972067845,0.9997,500
0,19,28,0.999419611811638,500,0.9997,500
0,19,29,0.999555104202032,233.766979344679,0.9997,500
0,19,30,0.999441156327724,8.98868572571657,0.9997,500
0,20,0,0.902577917687452,8.78028577261856,0.902577917687452,8.78028577261856
0,20,1,0.8,151.872151786672,0.8,151.872151786672
0,20,2,0.9997,245.540846106283,0.9997,245.540846106283
0,20,3,0.9997,27.5570982455926,0.9997,245.540846106283
0,20,4,0.8,428.68581436297,0.8,428.68581436297
0,20,5,0.835908459216356,18.2970912850072,0.8,428.68581436297
0,20,6,0.8,8.67414287202071,0.8,428.68581436297
0,20,7,0.951526878637075,8.76528150943547,0.8,428.68581436297
0,20,8,0.864044769963622,8.29788218571013,0.8,428.68581436297
0,20,9,0.9997,500,0.9997,500
0,20,10,0.9997,275.987640506638,0.9997,500
0,20,11,0.9997,414.110858690154,0.9997,500
0,20,12,0.9997,366.122852095223,0.9997,500
0,20,13,0.9997,456.91012620779,0.9997,500
0,20,14,0.9997,421.118563889479,0.9997,500
0,20,15,0.971790614902973,19.2618833411304,0.9997,500
0,20,16,0.9997,8.84602267034883,0.9997,500
0,20,17,0.8,8.61547009096655,0.9997,500
0,20,18,0.931940294843912,8.40894444661475,0.9997,500
0,20,19,0.999662112599611,500,0.9997,500
0,20,20,0.9997,500,0.9997,500
0,20,21,0.9997,23.4655262864362,0.9997,500
0,20,22,0.999343825107813,400.14144462398,0.9997,500
0,20,23,0.999470556855202,53.8865905308724,0.9997,500
0,20,24,0.858634971731901,152.331091907714,0.9997,500
0,20,25,0.80004576777583,148.437838957148,0.9997,500
0,20,26,0.966340221327543,8.56602267034883,0.9997,500
0,20,27,0.888036814495921,100.018053903092,0.9997,500
0,20,28,0.835201070027053,8.6658337398375,0.9997,500
0,20,29,0.999567042958736,465.022381079729,0.9997,500
0,20,30,0.999699702423811,500,0.9997,500
0,21,0,0.870670508649586,101.885527446746,0.870670508649586,101.885527446746
0,21,1,0.9997,500,0.9997,500
0,21,2,0.960492908728123,36.3405487206353,0.9997,500
0,21,3,0.8,106.416709507487,0.9997,500
0,21,4,0.9997,500,0.9997,500
0,21,5,0.992956495046616,-15.3884740133544,0.9997,500
0,21,6,0.914940636086464,119.353453697681,0.9997,500
0,21,7,0.9997,108.708518310869,0.9997,500
0,21,8,0.8,8.50437122281339,0.9997,500
0,21,9,0.9997,342.317693911467,0.9997,500
0,21,10,0.853520267903805,65.8292237026405,0.9997,500
0,21,11,0.9997,500,0.9997,500
0,21,12,0.9997,8.82028577261856,0.9997,500
0,21,13,0.937215511268377,8.74257616903349,0.9997,500
0,21,14,0.9997,500,0.9997,500
0,21,15,0.9997,130.092693394746,0.9997,500
0,21,16,0.8,8.45440930237799,0.9997,500
0,21,17,0.8924086253196,41.5515698327169,0.9997,500
0,21,18,0.999430300748348,500,0.9997,500
0,21,19,0.9997,273.752404861459,0.9997,500
0,21,20,0.96658968539834,96.01396791538,0.9997,500
0,21,21,0.999496588820219,257.179002375679,0.9997,500
0,21,22,0.84062614582032,8.58678788880707,0.9997,500
0,21,23,0.999557449102402,500,0.9997,500
0,21,24,0.999537499594688,76.1735054340727,0.9997,500
0,21,25,0.999642186897993,500,0.9997,500
0,21,26,0.999379308092594,500,0.9997,500
0,21,27,0.999584957045317,209.008693990987,0.9997,500
0,21,28,0.967145986229181,149.270476390872,0.9997,500
0,21,29,0.99958025534153,143.441680820649,0.9997,500
0,21,30,0.90436971809268,48.6872487565431,0.9997,500
0,22,0,0.955653606472304,343.591743431977,0.955653606472304,343.591743431977
0,22,1,0.8,15.7080163191598,0.955653606472304,343.591743431977
0,22,2,0.9997,212.055038369116,0.955653606472304,343.591743431977
0,22,3,0.917327328056097,93.3288485003433,0.955653606472304,343.591743431977
0,22,4,0.970387471753359,91.5288298565976,0.955653606472304,343.591743431977
0,22,5,0.9997,420.833837450013,0.9997,420.833837450013
0,22,6,0.9997,14.7264755033289,0.9997,420.833837450013
0,22,7,0.869509119862318,53.7601290336008,0.9997,420.833837450013
0,22,8,0.93860377560854,9.02040016012813,0.9997,420.833837450013
0,22,9,0.9997,500,0.9997,500
0,22,10,0.8,69.7750324675872,0.9997,500
0,22,11,0.9997,380.980317169729,0.9997,500
0,22,12,0.9997,8.70717967697245,0.9997,500
0,22,13,0.857802603518963,206.64388817183,0.9997,500
0,22,14,0.800381039242633,49.0464839144182,0.9997,500
0,22,15,0.899140929505229,8.48590801814589,0.9997,500
0,22,16,0.999545688891411,9.96790244265146,0.9997,500
0,22,17,0.846115965265036,1.31136861336617,0.9997,500
0,22,18,0.949286689376831,8.32669333376001,0.9997,500
0,22,19,0.999520561558008,148.081838683944,0.9997,500
0,22,20,0.80013406923227,20.3321840788373,0.9997,500
0,22,21,0.999499314618111,500,0.9997,500
0,22,22,0.999513514953852,500,0.9997,500
0,22,23,0.99962233261466,8.26643681576745,0.9997,500
0,22,24,0.950652159380913,17.7297450182944,0.9997,500
0,22,25,0.884158212399483,109.441334454654,0.9997,500
0,22,26,0.99943937087059,373.276181921717,0.9997,500
0,22,27,0.999383319419622,479.746300370554,0.9997,500
0,22,28,0.999628867387772,181.002314326245,0.9997,500
0,22,29,0.999334683567286,500,0.9997,500
0,22,30,0.999682407295704,214.690031662892,0.9997,500
0,23,0,0.895727776378291,8.61547009096655,0.895727776378291,8.61547009096655
0,23,1,0.9997,8.73518002592747,0.9997,8.73518002592747
0,23,2,0.8,8.42612040202497,0.9997,8.73518002592747
0,23,3,0.964415272378922,51.2429577139099,0.964415272378922,51.2429577139099
0,23,4,0.947198751997948,51.6588676747273,0.947198751997948,51.6588676747273
0,23,5,0.954669795024395,23.5258695376227,0.947198751997948,51.6588676747273
0,23,6,0.93709492149353,8.90589199622371,0.947198751997948,51.6588676747273
0,23,7,0.848606547033787,107.281319006389,0.848606547033787,107.281319006389
0,23,8,0.846458323694766,9.18934003354314,0.848606547033787,107.281319006389
0,23,9,0.8,115.716487224774,0.8,115.716487224774
0,23,10,0.8,45.7208235543471,0.8,115.716487224774
0,23,11,0.8,117.382703778643,0.8,117.382703778643
0,23,12,0.8,23.5816699073331,0.8,117.382703778643
0,23,13,0.856215338078141,301.059439083711,0.856215338078141,301.059439083711
0,23,14,0.878056115067005,228.721399714346,0.856215338078141,301.059439083711
0,23,15,0.877175712105632,110.564203536735,0.856215338078141,301.059439083711
0,23,16,0.99950507569313,365.508863855194,0.99950507569313,365.508863855194
0,23,17,0.999629724407196,349.687827129808,0.99950507569313,365.508863855194
0,23,18,0.9997,412.8412477834,0.9997,412.8412477834
0,23,19,0.9997,369.495333494639,0.9997,412.8412477834
0,23,20,0.9997,8.70550834017051,0.9997,412.8412477834
0,23,21,0.9997,20.6307199238138,0.9997,412.8412477834
0,23,22,0.999674848860502,468.820881628406,0.999674848860502,468.820881628406
0,23,23,0.905915102660656,46.6753051464366,0.999674848860502,468.820881628406
0,23,24,0.99954076102972,-7.50443494286438,0.999674848860502,468.820881628406
0,23,25,0.841077949796617,68.033285194326,0.999674848860502,468.820881628406
0,23,26,0.999686787617207,500,0.999686787617207,500
0,23,27,0.99940066215992,8.42897332470012,0.999686787617207,500
0,23,28,0.910033783274889,8.53119819413323,0.999686787617207,500
0,23,29,0.971504025226831,54.8747747373126,0.999686787617207,500
0,23,30,0.865156639587879,115.741091507728,0.999686787617207,500
0,24,0,0.863895529180136,270.892013120072,0.863895529180136,270.892013120072
0,24,1,0.9997,500,0.9997,500
0,24,2,0.957919207978249,60.2682446311877,0.9997,500
0,24,3,0.8,8.53412469182446,0.9997,500
0,24,4,0.9997,8.35147186257614,0.9997,500
0,24,5,0.901930509877205,8.6,0.9997,500
0,24,6,0.9997,500,0.9997,500
0,24,7,0.9997,71.410551561075,0.9997,500
0,24,8,0.836796384903789,8.5877089698935,0.9997,500
0,24,9,0.939793878012896,76.2194928562157,0.9997,500
0,24,10,0.9997,500,0.9997,500
0,24,11,0.9997,408.469655144748,0.9997,500
0,24,12,0.9997,256.308963795079,0.9997,500
0,24,13,0.9997,385.10688229647,0.9997,500
0,24,14,0.9997,500,0.9997,500
0,24,15,0.9997,344.210581808835,0.9997,500
0,24,16,0.976249270361662,8.26191684803531,0.9997,500
0,24,17,0.875014660257101,99.2372981193873,0.9997,500
0,24,18,0.8,383.787332974875,0.9997,500
0,24,19,0.8,30.80242005909,0.9997,500
0,24,20,0.9997,427.112494216349,0.9997,500
0,24,21,0.9997,28.3604784825924,0.9997,500
0,24,22,0.843021878154576,8.63431457505076,0.9997,500
0,24,23,0.999449262303114,500,0.9997,500
0,24,24,0.9997,500,0.9997,500
0,24,25,0.9997,320.608490991138,0.9997,500
0,24,26,0.9997,500,0.9997,500
0,24,27,0.9997,500,0.9997,500
0,24,28,0.9997,344.348677822177,0.9997,500
0,24,29,0.9997,470.721393642708,0.9997,500
0,24,30,0.9997,500,0.9997,500
1,0,0,0.969147981292756,8.98868572571657,0.969147981292756,8.98868572571657
1,0,1,0.970672960421226,55.2631931542657,0.970672960421226,55.2631931542657
1,0,2,0.875758432958958,500,0.875758432958958,500
1,0,3,0.911889410774696,343.949810939065,0.875758432958958,500
1,0,4,0.96843965114564,51.192978882031,0.875758432958958,500
1,0,5,0.843501767977871,500,0.875758432958958,500
1,0,6,0.923511112531697,8.82028577261856,0.875758432958958,500
1,0,7,0.936284324793092,46.9274961706784,0.875758432958958,500
1,0,8,0.947932791786884,72.0724532353372,0.875758432958958,500
1,0,9,0.887498865725634,29.4507557527083,0.875758432958958,500
1,0,10,0.830887421049399,8.56754446796632,0.875758432958958,500
1,0,11,0.923336656566213,8.48590801814589,0.875758432958958,500
1,0,12,0.890238628224729,8.67866814486508,0.875758432958958,500
1,0,13,0.899552775508568,39.7744104295532,0.875758432958958,500
1,0,14,0.843621590291529,8.6,0.875758432958958,500
1,0,15,0.874157813911709,119.064676838525,0.875758432958958,500
1,0,16,0.974091272995415,118.386392165174,0.875758432958958,500
1,0,17,0.8018681731984,454.788251265123,0.875758432958958,500
1,0,18,0.841604622401831,8.67414287202071,0.875758432958958,500
1,0,19,0.820930789282525,112.470321036058,0.875758432958958,500
1,0,20,0.978306785492011,11.6482105354287,0.875758432958958,500
1,0,21,0.983998991521007,30.3412276381757,0.875758432958958,500
1,0,22,0.879236706163174,137.799420305075,0.875758432958958,500
1,0,23,0.868765605230592,183.896956566485,0.875758432958958,500
1,0,24,0.847107816350783,8.76528150943547,0.875758432958958,500
1,0,25,0.878321478609706,28.308751542314,0.875758432958958,500
1,0,26,0.907308959432534,10.7373714514331,0.875758432958958,500
1,0,27,0.808983487737686,113.296698999067,0.875758432958958,500
1,0,28,0.948182446272699,8.67414287202071,0.875758432958958,500
1,0,29,0.854409039440446,57.685920674894,0.875758432958958,500
1,0,30,0.847253611912491,34.2239531252682,0.875758432958958,500
1,1,0,0.997555559540149,29.9004557021693,0.997555559540149,29.9004557021693
1,1,1,0.806227073831276,150.712260106712,0.806227073831276,150.712260106712
1,1,2,0.989232624897962,103.750972070964,0.806227073831276,150.712260106712
1,1,3,0.924047056933653,8.63600995031033,0.806227073831276,150.712260106712
1,1,4,0.826548407928815,15.8,0.806227073831276,150.712260106712
1,1,5,0.964809098919285,27.0043117451923,0.806227073831276,150.712260106712
1,1,6,0.839552909303695,500,0.839552909303695,500
1,1,7,0.947557274221145,39.4423862715372,0.839552909303695,500
1,1,8,0.99111080086828,159.042718894074,0.839552909303695,500
1,1,9,0.867699875082095,116.030996186242,0.839552909303695,500
1,1,10,0.895431687438751,109.005966864225,0.839552909303695,500
1,1,11,0.995865706103248,8.28,0.839552909303695,500
1,1,12,0.911985736842395,8.80740449111093,0.839552909303695,500
1,1,13,0.958221762420487,8.39393304777678,0.839552909303695,500
1,1,14,0.837713058643004,9.02040016012813,0.839552909303695,500
1,1,15,0.848703012526294,465.225072074716,0.839552909303695,500
1,1,16,0.90171827994133,226.497268497163,0.839552909303695,500
1,1,17,0.856441167210237,153.792906989954,0.839552909303695,500
1,1,18,0.92618184263381,59.8424075820005,0.839552909303695,500
1,1,19,0.954717616848129,8.37616328230938,0.839552909303695,500
1,1,20,0.915783418551886,34.394888445864,0.839552909303695,500
1,1,21,0.926080905257197,460.646499255527,0.839552909303695,500
1,1,22,0.844381906836241,8.42897332470012,0.839552909303695,500
1,1,23,0.851151799470332,35.0782777279542,0.839552909303695,500
1,1,24,0.811983040311619,24.4522640826177,0.839552909303695,500
1,1,25,0.840290322677008,38.0053767326513,0.839552909303695,500
1,1,26,0.91300804001236,6.43311877984493,0.839552909303695,500
1,1,27,0.805466400692394,418.074926346676,0.839552909303695,500
1,1,28,0.973552242158816,37.2698489847009,0.839552909303695,500
1,1,29,0.931002630813597,116.695943806127,0.839552909303695,500
1,1,30,0.839325453911224,109.230952483025,0.839552909303695,500
1,2,0,0.815978417755538,435.475815729164,0.815978417755538,435.475815729164
1,2,1,0.832738683352216,8.84,0.815978417755538,435.475815729164
1,2,2,0.844622026364681,46.2698025502539,0.815978417755538,435.475815729164
1,2,3,0.884750948495535,8.56754446796632,0.815978417755538,435.475815729164
1,2,4,0.898747945352658,52.9746354021752,0.815978417755538,435.475815729164
1,2,5,0.814152390867118,8.42612040202497,0.815978417755538,435.475815729164
1,2,6,0.967809181003583,8.50717967697245,0.815978417755538,435.475815729164
1,2,7,0.965339572581239,49.7970316802208,0.815978417755538,435.475815729164
1,2,8,0.860511949859956,8.73518002592747,0.815978417755538,435.475815729164
1,2,9,0.837675013871554,8.35147186257614,0.815978417755538,435.475815729164
1,2,10,0.96787610026554,120.619509372005,0.815978417755538,435.475815729164
1,2,11,0.932917940236899,51.7517424735955,0.815978417755538,435.475815729164
1,2,12,0.882637198106734,26.8979413543577,0.815978417755538,435.475815729164
1,2,13,0.925094321134055,50.304133095827,0.815978417755538,435.475815729164
1,2,14,0.951793210244877,26.9501260507715,0.815978417755538,435.475815729164
1,2,15,0.986245406000711,90.8222359566046,0.815978417755538,435.475815729164
1,2,16,0.921365801234244,8.53119819413323,0.815978417755538,435.475815729164
1,2,17,0.9740565849601,500,0.9740565849601,500
1,2,18,0.94773839501671,90.1367605362597,0.9740565849601,500
1,2,19,0.952997102522202,8.61851181632482,0.9740565849601,500
1,2,20,0.991601538314801,8.65166852264521,0.9740565849601,500
1,2,21,0.894886771115115,8.64353861898849,0.9740565849601,500
1,2,22,0.948507893315348,60.3001492540638,0.9740565849601,500
1,2,23,0.879682529255245,8.53412469182446,0.9740565849601,500
1,2,24,0.9171618730041,289.055676615653,0.9740565849601,500
1,2,25,0.936194218604941,51.135573187623,0.9740565849601,500
1,2,26,0.939321429814645,23.7650537298214,0.9740565849601,500
1,2,27,0.995393493785304,119.208933561325,0.9740565849601,500
1,2,28,0.834807710081005,25.0220794925445,0.9740565849601,500
1,2,29,0.898761016674266,8.70717967697245,0.9740565849601,500
1,2,30,0.807054865051533,181.580808671452,0.9740565849601,500
1,3,0,0.935928436218514,33.0996618495587,0.935928436218514,33.0996618495587
1,3,1,0.814776308830585,142.993127943887,0.814776308830585,142.993127943887
1,3,2,0.921196818423215,120.78685671002,0.814776308830585,142.993127943887
1,3,3,0.94312881562883,101.80910031998,0.814776308830585,142.993127943887
1,3,4,0.841032181086626,160.242524872907,0.841032181086626,160.242524872907
1,3,5,0.884278073035711,500,0.884278073035711,500
1,3,6,0.850988834782571,43.3540190049307,0.884278073035711,500
1,3,7,0.909153458321613,62.3406234656303,0.884278073035711,500
1,3,8,0.982552122727414,124.120104481753,0.884278073035711,500
1,3,9,0.845391009704577,81.1789004011332,0.884278073035711,500
1,3,10,0.952890104855744,0.138454199052831,0.884278073035711,500
1,3,11,0.987109080664244,8.68740449111093,0.884278073035711,500
1,3,12,0.849454034208172,8.47684863886644,0.884278073035711,500
1,3,13,0.872345371368615,22.57088566545,0.884278073035711,500
1,3,14,0.903817380602043,16.2251984251976,0.884278073035711,500
1,3,15,0.962878392093779,84.2701661552623,0.884278073035711,500
1,3,16,0.819537350913697,55.9272829012925,0.884278073035711,500
1,3,17,0.926745571806481,8.67402233281561,0.884278073035711,500
1,3,18,0.810895980154558,48.6978942129363,0.884278073035711,500
1,3,19,0.927177653250511,397.10059777404,0.884278073035711,500
1,3,20,0.994405007329106,8.84,0.884278073035711,500
1,3,21,0.945039246363394,8.78028577261856,0.884278073035711,500
1,3,22,0.897515325964883,32.3237414547332,0.884278073035711,500
1,3,23,0.941404772323162,57.5801953714921,0.884278073035711,500
1,3,24,0.888915924283224,280.077526245542,0.884278073035711,500
1,3,25,0.981338224952893,160.968760855233,0.884278073035711,500
1,3,26,0.908393774083778,8.56602267034883,0.884278073035711,500
1,3,27,0.923677836009852,26.4572655096541,0.884278073035711,500
1,3,28,0.86188025363165,331.935343207296,0.884278073035711,500
1,3,29,0.963314694870799,101.917412749098,0.884278073035711,500
1,3,30,0.846634304525743,9.06550834017051,0.884278073035711,500
1,4,0,0.956905652976644,8.55778119658929,0.956905652976644,8.55778119658929
1,4,1,0.889089165367438,231.311796238786,0.889089165367438,231.311796238786
1,4,2,0.850134081194018,99.7616515325436,0.889089165367438,231.311796238786
1,4,3,0.964751966165608,8.70717967697245,0.889089165367438,231.311796238786
1,4,4,0.958505549463007,43.5949142292292,0.889089165367438,231.311796238786
1,4,5,0.968659325909031,67.6606470039334,0.889089165367438,231.311796238786
1,4,6,0.850056137654666,113.005455898492,0.889089165367438,231.311796238786
1,4,7,0.926036572941955,12.8098128435902,0.889089165367438,231.311796238786
1,4,8,0.870760614368771,8.92250490197963,0.889089165367438,231.311796238786
1,4,9,0.893379894346641,28.1187826623881,0.889089165367438,231.311796238786
1,4,10,0.92840028193341,86.0468806763387,0.889089165367438,231.311796238786
1,4,11,0.963898429728537,19.2153228910527,0.889089165367438,231.311796238786
1,4,12,0.984193473019175,8.51714769977178,0.889089165367438,231.311796238786
1,4,13,0.925899872436194,38.183023021275,0.889089165367438,231.311796238786
1,4,14,0.964583278969646,49.9882886951316,0.889089165367438,231.311796238786
1,4,15,0.997719277678721,8.80250490197963,0.889089165367438,231.311796238786
1,4,16,0.896868551312372,89.2818033619906,0.889089165367438,231.311796238786
1,4,17,0.832253152740956,77.5913435631862,0.889089165367438,231.311796238786
1,4,18,0.817808517761984,39.8691843789965,0.889089165367438,231.311796238786
1,4,19,0.912148113103936,131.354711208165,0.889089165367438,231.311796238786
1,4,20,0.876565761400056,173.129266260186,0.889089165367438,231.311796238786
1,4,21,0.995328327164988,8.99778119658929,0.889089165367438,231.311796238786
1,4,22,0.997011658410663,120.968544138209,0.889089165367438,231.311796238786
1,4,23,0.852458071043184,8.56754446796632,0.889089165367438,231.311796238786
1,4,24,0.886074145579395,8.50437122281339,0.889089165367438,231.311796238786
1,4,25,0.815274448589314,8.56602267034883,0.889089165367438,231.311796238786
1,4,26,0.894220169098174,32.070069560513,0.889089165367438,231.311796238786
1,4,27,0.911608652200939,49.3965522365118,0.889089165367438,231.311796238786
1,4,28,0.908194428627154,114.215892945223,0.889089165367438,231.311796238786
1,4,29,0.833799158732762,18.2669333376001,0.889089165367438,231.311796238786
1,4,30,0.939403068535223,127.632610487946,0.889089165367438,231.311796238786
1,5,0,0.877282785099074,263.736322593162,0.877282785099074,263.736322593162
1,5,1,0.928958383025444,5.33572370170077,0.877282785099074,263.736322593162
1,5,2,0.857045844599832,8.40730303082914,0.877282785099074,263.736322593162
1,5,3,0.848695543843725,8.55147186257614,0.877282785099074,263.736322593162
1,5,4,0.987271952738183,169.369703100296,0.877282785099074,263.736322593162
1,5,5,0.915969446574476,8.83431457505076,0.877282785099074,263.736322593162
1,5,6,0.925545992398395,8.61547009096655,0.877282785099074,263.736322593162
1,5,7,0.800564608738395,84.1168561229531,0.877282785099074,263.736322593162
1,5,8,0.955450850203035,8.88,0.877282785099074,263.736322593162
1,5,9,0.87667470820158,8.58678788880707,0.877282785099074,263.736322593162
1,5,10,0.846619465854246,139.748214910781,0.877282785099074,263.736322593162
1,5,11,0.906193617035563,8.64353861898849,0.877282785099074,263.736322593162
1,5,12,0.886697584072712,9.06550834017051,0.877282785099074,263.736322593162
1,5,13,0.800004902255353,8.67402233281561,0.877282785099074,263.736322593162
1,5,14,0.844753844867176,126.327696689277,0.877282785099074,263.736322593162
1,5,15,0.960897891913258,97.6670779622338,0.877282785099074,263.736322593162
1,5,16,0.888501659816246,8.56754446796632,0.877282785099074,263.736322593162
1,5,17,0.832931848075626,31.8970077951099,0.877282785099074,263.736322593162
1,5,18,0.886493219571615,179.704966715108,0.877282785099074,263.736322593162
1,5,19,0.988372777780291,28.2798217475885,0.877282785099074,263.736322593162
1,5,20,0.827254652872279,8.76754446796632,0.877282785099074,263.736322593162
1,5,21,0.978881441047904,119.044414923891,0.877282785099074,263.736322593162
1,5,22,0.943542683659821,109.054344362197,0.877282785099074,263.736322593162
1,5,23,0.899488832936621,8.59007692762912,0.877282785099074,263.736322593162
1,5,24,0.898767158220676,24.0239686216143,0.877282785099074,263.736322593162
1,5,25,0.814029724708605,321.646183392808,0.814029724708605,321.646183392808
1,5,26,0.940701849676829,46.2292502758257,0.814029724708605,321.646183392808
1,5,27,0.921968876973762,133.6744911759,0.814029724708605,321.646183392808
1,5,28,0.869536229853887,33.1018037231444,0.814029724708605,321.646183392808
1,5,29,0.825896846430442,95.8496542326869,0.814029724708605,321.646183392808
1,5,30,0.869430486771661,8.35475494121164,0.814029724708605,321.646183392808
1,6,0,0.958327708857296,48.6173148991763,0.958327708857296,48.6173148991763
1,6,1,0.896826337174503,37.0481253393356,0.958327708857296,48.6173148991763
1,6,2,0.888877720291759,36.1441729621619,0.958327708857296,48.6173148991763
1,6,3,0.975241729993998,44.5033892784319,0.958327708857296,48.6173148991763
1,6,4,0.910335517320428,35.6967201446697,0.958327708857296,48.6173148991763
1,6,5,0.988401114242718,367.643125070646,0.988401114242718,367.643125070646
1,6,6,0.824466484201207,73.2578243827405,0.988401114242718,367.643125070646
1,6,7,0.951395125609155,56.4,0.988401114242718,367.643125070646
1,6,8,0.845173167467339,99.300847518499,0.988401114242718,367.643125070646
1,6,9,0.841892342759984,104.053916289471,0.988401114242718,367.643125070646
1,6,10,0.859681049059551,38.2916616562203,0.988401114242718,367.643125070646
1,6,11,0.821467951743206,22.3606442413658,0.988401114242718,367.643125070646
1,6,12,0.921396628045608,9.21352384841238,0.988401114242718,367.643125070646
1,6,13,0.90782165926971,96.3724593689485,0.988401114242718,367.643125070646
1,6,14,0.806362792588293,28.3227029769551,0.988401114242718,367.643125070646
1,6,15,0.911077777526286,8.43818369259806,0.988401114242718,367.643125070646
1,6,16,0.980175844633137,130.567505501225,0.988401114242718,367.643125070646
1,6,17,0.920429658703114,59.6469186571263,0.988401114242718,367.643125070646
1,6,18,0.961631514401185,82.936481684883,0.988401114242718,367.643125070646
1,6,19,0.960963113982645,8.35147186257614,0.988401114242718,367.643125070646
1,6,20,0.909216438680027,8.50717967697245,0.988401114242718,367.643125070646
1,6,21,0.970235500274742,8.23566239933669,0.988401114242718,367.643125070646
1,6,22,0.987937821072511,115.56260259124,0.988401114242718,367.643125070646
1,6,23,0.955844392922194,95.5803526136931,0.988401114242718,367.643125070646
1,6,24,0.808679520451181,13.0870153798608,0.988401114242718,367.643125070646
1,6,25,0.856510591174174,8.59007692762912,0.988401114242718,367.643125070646
1,6,26,0.968718651611778,30.4337604094745,0.988401114242718,367.643125070646
1,6,27,0.977762569718219,316.082465776057,0.988401114242718,367.643125070646
1,6,28,0.817853149694809,137.339218160351,0.988401114242718,367.643125070646
1,6,29,0.802661458497385,8.21137466467196,0.988401114242718,367.643125070646
1,6,30,0.976170788110734,29.8264600984042,0.988401114242718,367.643125070646
1,7,0,0.805164096706678,8.53412469182446,0.805164096706678,8.53412469182446
1,7,1,0.940774282452974,28.9293758017271,0.940774282452974,28.9293758017271
1,7,2,0.845863593496556,8.45166852264521,0.940774282452974,28.9293758017271
1,7,3,0.81574938277332,8.70717967697245,0.940774282452974,28.9293758017271
1,7,4,0.856256503975352,500,0.856256503975352,500
1,7,5,0.992293706843533,32.9994958250202,0.856256503975352,500
1,7,6,0.939105803034581,33.24963537011,0.856256503975352,500
1,7,7,0.991938115784778,8.45440930237799,0.856256503975352,500
1,7,8,0.813316100075301,8.56602267034883,0.856256503975352,500
1,7,9,0.956784135891089,15.3499061674001,0.856256503975352,500
1,7,10,0.908258950951788,8.55147186257614,0.856256503975352,500
1,7,11,0.814354222764917,34.6738807351533,0.856256503975352,500
1,7,12,0.973166268220548,8.42897332470012,0.856256503975352,500
1,7,13,0.849966647377656,193.798676756857,0.856256503975352,500
1,7,14,0.950159331298732,17.342337725458,0.856256503975352,500
1,7,15,0.930615483742201,26.8334890999746,0.856256503975352,500
1,7,16,0.992811827420894,53.6760265329079,0.856256503975352,500
1,7,17,0.988941001822869,255.0747202323,0.856256503975352,500
1,7,18,0.812760889437154,31.8313266687637,0.856256503975352,500
1,7,19,0.871267294884014,128.327643016812,0.856256503975352,500
1,7,20,0.812513604971279,48.5567126551121,0.856256503975352,500
1,7,21,0.918974844129534,15.9265278584981,0.856256503975352,500
1,7,22,0.856901985741665,8.42612040202497,0.856256503975352,500
1,7,23,0.956313878320052,22.7683860582694,0.856256503975352,500
1,7,24,0.804309021657859,43.0408130753142,0.856256503975352,500
1,7,25,0.986200140250043,8.5877089698935,0.856256503975352,500
1,7,26,0.974615700148256,19.4756547393058,0.856256503975352,500
1,7,27,0.804828477124779,16.4760036297671,0.856256503975352,500
1,7,28,0.866933335235456,186.476001110494,0.856256503975352,500
1,7,29,0.965298988788914,10.4046573632723,0.856256503975352,500
1,7,30,0.807546394752092,18.6806156594001,0.856256503975352,500
1,8,0,0.8532617827298,17.030586935327,0.8532617827298,17.030586935327
1,8,1,0.908262165853423,41.2103691427591,0.908262165853423,41.2103691427591
1,8,2,0.846546210339569,107.490433165114,0.846546210339569,107.490433165114
1,8,3,0.879627949355085,87.8804466563121,0.846546210339569,107.490433165114
1,8,4,0.893241443448072,27.5739861378911,0.846546210339569,107.490433165114
1,8,5,0.914290804961034,30.1616329931973,0.846546210339569,107.490433165114
1,8,6,0.941931284735565,105.195688552522,0.846546210339569,107.490433165114
1,8,7,0.812615007016256,7.86092805703347,0.846546210339569,107.490433165114
1,8,8,0.821814774786127,8.44133481811617,0.846546210339569,107.490433165114
1,8,9,0.815206231155791,93.382398501873,0.846546210339569,107.490433165114
1,8,10,0.909765129552769,117.612695393056,0.909765129552769,117.612695393056
1,8,11,0.90071615240081,8.26643681576745,0.909765129552769,117.612695393056
1,8,12,0.99275834263752,8.16836981973037,0.909765129552769,117.612695393056
1,8,13,0.94036015466662,8.68740449111093,0.909765129552769,117.612695393056
1,8,14,0.914700767569314,8.6,0.909765129552769,117.612695393056
1,8,15,0.895824693038489,46.0628830452397,0.909765129552769,117.612695393056
1,8,16,0.993705636351811,54.5546389828127,0.909765129552769,117.612695393056
1,8,17,0.889449924824065,70.2558121885463,0.909765129552769,117.612695393056
1,8,18,0.998704593994197,124.300609644216,0.998704593994197,124.300609644216
1,8,19,0.925699731222636,127.283339848841,0.925699731222636,127.283339848841
1,8,20,0.859569730920606,8.53412469182446,0.925699731222636,127.283339848841
1,8,21,0.817521367675628,24.0131588192429,0.925699731222636,127.283339848841
1,8,22,0.913024141536996,28.3962029878893,0.925699731222636,127.283339848841
1,8,23,0.998562713229326,500,0.998562713229326,500
1,8,24,0.984158747989334,27.6981082048348,0.998562713229326,500
1,8,25,0.884876235150068,8.67414287202071,0.998562713229326,500
1,8,26,0.837132372695936,63.4514833892973,0.998562713229326,500
1,8,27,0.910594614923677,34.7989247622617,0.998562713229326,500
1,8,28,0.966030619464275,110.49555187373,0.998562713229326,500
1,8,29,0.901706459558395,142.353979915098,0.998562713229326,500
1,8,30,0.900654073875296,25.1213701844872,0.998562713229326,500
1,9,0,0.840684767933381,8.4,0.840684767933381,8.4
1,9,1,0.854671600893957,486.185723384899,0.854671600893957,486.185723384899
1,9,2,0.982992133171554,380.174816226341,0.854671600893957,486.185723384899
1,9,3,0.924058713109849,8.53412469182446,0.854671600893957,486.185723384899
1,9,4,0.801604241637937,500,0.801604241637937,500
1,9,5,0.867300561531973,116.189322991893,0.801604241637937,500
1,9,6,0.815601248467997,28.880811475492,0.801604241637937,500
1,9,7,0.942980825427521,8.53412469182446,0.801604241637937,500
1,9,8,0.820098313169935,33.2291762278894,0.801604241637937,500
1,9,9,0.98884264010979,330.334529583203,0.801604241637937,500
1,9,10,0.944936786809327,110.350913355739,0.801604241637937,500
1,9,11,0.868533694193941,55.9441819599609,0.801604241637937,500
1,9,12,0.841112366525289,8.68740449111093,0.801604241637937,500
1,9,13,0.860195285991501,55.859865731275,0.801604241637937,500
1,9,14,0.854179289967658,309.672442068175,0.801604241637937,500
1,9,15,0.997583161032194,14.9249019364356,0.801604241637937,500
1,9,16,0.968369331514838,169.472967997983,0.801604241637937,500
1,9,17,0.91283646619534,45.6517689493925,0.801604241637937,500
1,9,18,0.853755637710321,8.50717967697245,0.801604241637937,500
1,9,19,0.872133647379498,8.86868572571657,0.801604241637937,500
1,9,20,0.831057559834775,32.0747667809205,0.801604241637937,500
1,9,21,0.803027495155475,9.45717357955309,0.801604241637937,500
1,9,22,0.827352197687168,333.045175005249,0.801604241637937,500
1,9,23,0.920533449551099,105.093265745166,0.801604241637937,500
1,9,24,0.885191847528194,126.745132919294,0.801604241637937,500
1,9,25,0.807478809526144,193.676006966274,0.801604241637937,500
1,9,26,0.967621271419789,8.55778119658929,0.801604241637937,500
1,9,27,0.968972782584458,29.4596296351518,0.801604241637937,500
1,9,28,0.948083772919211,8.78028577261856,0.801604241637937,500
1,9,29,0.84276520442409,269.362404142029,0.801604241637937,500
1,9,30,0.979406456969156,25.0014379929667,0.801604241637937,500
1,10,0,0.880916477267221,22.5535003381933,0.880916477267221,22.5535003381933
1,10,1,0.986933283972824,8.68740449111093,0.880916477267221,22.5535003381933
1,10,2,0.886040326395314,153.277674467733,0.886040326395314,153.277674467733
1,10,3,0.802371499241297,18.6522053117291,0.886040326395314,153.277674467733
1,10,4,0.985646714337649,73.3671849904104,0.886040326395314,153.277674467733
1,10,5,0.875959272459913,45.2108701626486,0.886040326395314,153.277674467733
1,10,6,0.806173501564006,38.7876330361185,0.886040326395314,153.277674467733
1,10,7,0.867981089531705,38.8257225586579,0.886040326395314,153.277674467733
1,10,8,0.946707686756424,38.1973452886613,0.886040326395314,153.277674467733
1,10,9,0.91962662725181,292.995952915762,0.91962662725181,292.995952915762
1,10,10,0.982065263654625,126.891305586168,0.91962662725181,292.995952915762
1,10,11,0.975367667434838,8.48590801814589,0.91962662725181,292.995952915762
1,10,12,0.957381948588366,95.1015154995059,0.91962662725181,292.995952915762
1,10,13,0.959145580634037,35.5133634502113,0.91962662725181,292.995952915762
1,10,14,0.894131716713811,500,0.894131716713811,500
1,10,15,0.923119219847506,119.900130669044,0.894131716713811,500
1,10,16,0.990102240352924,481.008045677069,0.894131716713811,500
1,10,17,0.864725225316075,8.61811052036034,0.894131716713811,500
1,10,18,0.809358833850347,10.5407939904086,0.894131716713811,500
1,10,19,0.851019067197988,95.7934441548799,0.894131716713811,500
1,10,20,0.866287355350932,112.877794341219,0.894131716713811,500
1,10,21,0.980120649984203,8.76528150943547,0.894131716713811,500
1,10,22,0.872127430768644,49.8368206748094,0.894131716713811,500
1,10,23,0.974793152878501,41.4534419870641,0.894131716713811,500
1,10,24,0.967437961355159,8.50437122281339,0.894131716713811,500
1,10,25,0.859763283478378,114.706615186711,0.894131716713811,500
1,10,26,0.810037378270704,48.6228375804497,0.894131716713811,500
1,10,27,0.927527764107658,38.4754977781533,0.894131716713811,500
1,10,28,0.846040103329926,89.9774950947654,0.894131716713811,500
1,10,29,0.947220514472751,8.80250490197963,0.894131716713811,500
1,10,30,0.830941217703132,500,0.894131716713811,500
1,11,0,0.88101665310182,22.4540307597216,0.88101665310182,22.4540307597216
1,11,1,0.985344920433677,8.33313727609963,0.88101665310182,22.4540307597216
1,11,2,0.957075113338205,64.1254003553952,0.957075113338205,64.1254003553952
1,11,3,0.839077880230723,46.3369978636781,0.957075113338205,64.1254003553952
1,11,4,0.93194768144785,23.200897761892,0.957075113338205,64.1254003553952
1,11,5,0.896795500087409,500,0.896795500087409,500
1,11,6,0.866749946352939,96.6253139412061,0.896795500087409,500
1,11,7,0.950780037407161,7.99822867607723,0.896795500087409,500
1,11,8,0.838625273853994,9.01518002592747,0.896795500087409,500
1,11,9,0.990021223996213,8.50437122281339,0.896795500087409,500
1,11,10,0.862027207150165,34.3516989334333,0.896795500087409,500
1,11,11,0.915812584437078,85.8996411906687,0.896795500087409,500
1,11,12,0.822126034410934,97.0157419429428,0.896795500087409,500
1,11,13,0.928404718539412,90.2321593739958,0.896795500087409,500
1,11,14,0.924439087482094,114.758682812989,0.896795500087409,500
1,11,15,0.805205828166061,70.3960970473454,0.896795500087409,500
1,11,16,0.975782522452549,9.16894444661475,0.896795500087409,500
1,11,17,0.847132760338943,187.125221567891,0.896795500087409,500
1,11,18,0.94572930354616,61.1354568361221,0.896795500087409,500
1,11,19,0.828988822888853,31.0384212576009,0.896795500087409,500
1,11,20,0.921438249125037,89.7738932864291,0.896795500087409,500
1,11,21,0.823130257556709,20.3655609242845,0.896795500087409,500
1,11,22,0.995651419641994,387.679775910804,0.896795500087409,500
1,11,23,0.932618425986569,21.9476602864389,0.896795500087409,500
1,11,24,0.811346459872737,8.59007692762912,0.896795500087409,500
1,11,25,0.833323029249578,26.6583931079599,0.896795500087409,500
1,11,26,0.957706794081741,111.595191823139,0.896795500087409,500
1,11,27,0.999079774309262,-28.0018357918681,0.896795500087409,500
1,11,28,0.953650375229461,31.706430687706,0.896795500087409,500
1,11,29,0.822096121932286,500,0.896795500087409,500
1,11,30,0.936561159651948,41.5471375263748,0.896795500087409,500
1,12,0,0.88136026725332,28.6546239527241,0.88136026725332,28.6546239527241
1,12,1,0.930787992383111,57.2821070591511,0.930787992383111,57.2821070591511
1,12,2,0.98059175673302,90.8858657395646,0.98059175673302,90.8858657395646
1,12,3,0.913332477766984,140.279632653922,0.913332477766984,140.279632653922
1,12,4,0.985745027556536,94.682158413032,0.913332477766984,140.279632653922
1,12,5,0.867764861128563,8.67414287202071,0.913332477766984,140.279632653922
1,12,6,0.948075272513037,108.49528218823,0.913332477766984,140.279632653922
1,12,7,0.872952669609874,27.350835879574,0.913332477766984,140.279632653922
1,12,8,0.830528216206191,30.947473941707,0.913332477766984,140.279632653922
1,12,9,0.801600675739869,8.59007692762912,0.913332477766984,140.279632653922
1,12,10,0.967073461649731,61.4127561112406,0.913332477766984,140.279632653922
1,12,11,0.982666731704627,32.1489342187861,0.913332477766984,140.279632653922
1,12,12,0.988509868875155,28.3166959488248,0.913332477766984,140.279632653922
1,12,13,0.888290936281357,8.2840100503147,0.913332477766984,140.279632653922
1,12,14,0.855349190977047,281.809187652001,0.855349190977047,281.809187652001
1,12,15,0.961794323246971,6.79547316453895,0.855349190977047,281.809187652001
1,12,16,0.810010699518737,500,0.810010699518737,500
1,12,17,0.996746833160012,148.623534544989,0.810010699518737,500
1,12,18,0.932055802148949,66.7217938652687,0.810010699518737,500
1,12,19,0.826802044184247,8.56602267034883,0.810010699518737,500
1,12,20,0.900022810643115,8.61547009096655,0.810010699518737,500
1,12,21,0.809278259759869,80.763833392635,0.810010699518737,500
1,12,22,0.92535066651368,115.371218272526,0.810010699518737,500
1,12,23,0.990056834761826,500,0.810010699518737,500
1,12,24,0.958500961761673,500,0.810010699518737,500
1,12,25,0.981698693072886,8.55147186257614,0.810010699518737,500
1,12,26,0.88963317978562,8.5877089698935,0.810010699518737,500
1,12,27,0.842150034902947,107.958712342963,0.810010699518737,500
1,12,28,0.800993218257584,9.51303734840617,0.810010699518737,500
1,12,29,0.83553307763281,356.061424573271,0.810010699518737,500
1,12,30,0.946676954477282,26.3126330666586,0.810010699518737,500
1,13,0,0.868072016339562,46.4902178626179,0.868072016339562,46.4902178626179
1,13,1,0.85705314682815,9.05547009096656,0.868072016339562,46.4902178626179
1,13,2,0.86281587600745,43.0146899726388,0.868072016339562,46.4902178626179
1,13,3,0.983846275917921,31.715562000517,0.868072016339562,46.4902178626179
1,13,4,0.969630155478824,29.386554810237,0.868072016339562,46.4902178626179
1,13,5,0.809391232054166,255.450482013157,0.809391232054166,255.450482013157
1,13,6,0.831854069740772,29.7178517164383,0.809391232054166,255.450482013157
1,13,7,0.834270141891523,201.541902207961,0.809391232054166,255.450482013157
1,13,8,0.931720074241958,8.56602267034883,0.809391232054166,255.450482013157
1,13,9,0.997485010289034,500,0.997485010289034,500
1,13,10,0.981170051569654,47.5749636306972,0.997485010289034,500
1,13,11,0.938514745408852,8.54811765836887,0.997485010289034,500
1,13,12,0.900621100383044,8.37616328230938,0.997485010289034,500
1,13,13,0.991045746338748,201.967771315581,0.997485010289034,500
1,13,14,0.905231810647425,70.1206200919401,0.997485010289034,500
1,13,15,0.9721793699792,48.0390075926185,0.997485010289034,500
1,13,16,0.882656611657251,49.7042862151483,0.997485010289034,500
1,13,17,0.996294693234182,500,0.997485010289034,500
1,13,18,0.934915672801363,8.61547009096655,0.997485010289034,500
1,13,19,0.803676038075928,75.654173867947,0.997485010289034,500
1,13,20,0.887590129634372,69.3195951458478,0.997485010289034,500
1,13,21,0.876463096482517,40.0323269914237,0.997485010289034,500
1,13,22,0.901974096383767,8.55778119658929,0.997485010289034,500
1,13,23,0.925269547776077,8.63600995031033,0.997485010289034,500
1,13,24,0.932496563156147,140.740970994565,0.997485010289034,500
1,13,25,0.841376714079346,108.802972331062,0.997485010289034,500
1,13,26,0.882325121393214,42.5731324242384,0.997485010289034,500
1,13,27,0.849709564840771,126.525722176922,0.997485010289034,500
1,13,28,0.858723657540061,8.55778119658929,0.997485010289034,500
1,13,29,0.954368658144294,42.311787091072,0.997485010289034,500
1,13,30,0.803315088218071,9.01518002592747,0.997485010289034,500
1,14,0,0.963836896317565,153.416975360274,0.963836896317565,153.416975360274
1,14,1,0.855349362676195,500,0.855349362676195,500
1,14,2,0.984382730202025,284.352369203162,0.855349362676195,500
1,14,3,0.988770785133151,500,0.855349362676195,500
1,14,4,0.867392437459487,22.7223023686299,0.855349362676195,500
1,14,5,0.860477378167308,93.2171280225686,0.855349362676195,500
1,14,6,0.847996382812458,37.9860862893703,0.855349362676195,500
1,14,7,0.838839886905866,33.2776278837799,0.855349362676195,500
1,14,8,0.896680994871896,8.61811052036034,0.855349362676195,500
1,14,9,0.93921285985405,49.7158501272274,0.855349362676195,500
1,14,10,0.912799668814548,31.4919073593489,0.855349362676195,500
1,14,11,0.999569518838387,16.2807299756263,0.855349362676195,500
1,14,12,0.919415804817113,62.9631990106995,0.855349362676195,500
1,14,13,0.899576198361411,30.7502463194686,0.855349362676195,500
1,14,14,0.993996921110069,8.80740449111093,0.855349362676195,500
1,14,15,0.976192197076846,500,0.855349362676195,500
1,14,16,0.989936558728093,154.869618858153,0.855349362676195,500
1,14,17,0.826027568826913,20.741833126681,0.855349362676195,500
1,14,18,0.839921559786858,30.6410990670259,0.855349362676195,500
1,14,19,0.932241967817442,8.51714769977178,0.855349362676195,500
1,14,20,0.981476591100942,215.627003101843,0.855349362676195,500
1,14,21,0.973753440519551,105.107296320931,0.855349362676195,500
1,14,22,0.957421955119459,8.94437122281339,0.855349362676195,500
1,14,23,0.988128311659503,8.61547009096655,0.855349362676195,500
1,14,24,0.972216813116288,8.56754446796632,0.855349362676195,500
1,14,25,0.890321849300094,61.2964566913571,0.855349362676195,500
1,14,26,0.875452591018346,61.6166039310144,0.855349362676195,500
1,14,27,0.844931759075486,41.9705791974191,0.855349362676195,500
1,14,28,0.920253057710266,23.3495711937235,0.855349362676195,500
1,14,29,0.85033919419036,19.3088998092349,0.855349362676195,500
1,14,30,0.839981161460263,23.9949562429305,0.855349362676195,500
1,15,0,0.994991157551422,500,0.994991157551422,500
1,15,1,0.931012125539997,46.8979295343032,0.994991157551422,500
1,15,2,0.802572005499649,163.184335608888,0.994991157551422,500
1,15,3,0.886504557880293,-10.5548036656928,0.994991157551422,500
1,15,4,0.885706626573742,8.67414287202071,0.994991157551422,500
1,15,5,0.893233717410113,51.7837286266741,0.994991157551422,500
1,15,6,0.83628634480392,37.0879737449036,0.994991157551422,500
1,15,7,0.919069914090721,98.383722855708,0.994991157551422,500
1,15,8,0.953332705535268,43.6702331609653,0.994991157551422,500
1,15,9,0.929371675451685,33.022918564138,0.994991157551422,500
1,15,10,0.867156798646013,8.45166852264521,0.994991157551422,500
1,15,11,0.900435292857383,24.0880167364139,0.994991157551422,500
1,15,12,0.999526307089458,500,0.994991157551422,500
1,15,13,0.854670061614754,66.7428318905631,0.994991157551422,500
1,15,14,0.811130785039033,22.9411943714933,0.994991157551422,500
1,15,15,0.92026718636232,25.0353532570596,0.994991157551422,500
1,15,16,0.839963576886219,105.464794081365,0.994991157551422,500
1,15,17,0.837138233668657,34.8641496171547,0.994991157551422,500
1,15,18,0.888872596816208,56.0123467396692,0.994991157551422,500
1,15,19,0.912414455591329,8.59007692762912,0.994991157551422,500
1,15,20,0.872012392715025,19.8631225717284,0.994991157551422,500
1,15,21,0.857407202732646,8.64353861898849,0.994991157551422,500
1,15,22,0.847663133507234,24.5928350249868,0.994991157551422,500
1,15,23,0.961049458856974,8.35475494121164,0.994991157551422,500
1,15,24,0.901814814864552,166.929208933012,0.994991157551422,500
1,15,25,0.922267656492124,8.80740449111093,0.994991157551422,500
1,15,26,0.995590496538572,103.626448094774,0.994991157551422,500
1,15,27,0.906608178219146,42.2647930819907,0.994991157551422,500
1,15,28,0.939085405677446,44.2258151099694,0.994991157551422,500
1,15,29,0.810412728042501,9.2723359317033,0.994991157551422,500
1,15,30,0.85355508350173,46.6059436289278,0.994991157551422,500
1,16,0,0.857929357656253,8.67402233281561,0.857929357656253,8.67402233281561
1,16,1,0.949890225870098,24.624659713822,0.949890225870098,24.624659713822
1,16,2,0.983971905908657,8.88,0.949890225870098,24.624659713822
1,16,3,0.974624391818433,23.0136190766761,0.949890225870098,24.624659713822
1,16,4,0.873583003838534,74.8789961633129,0.873583003838534,74.8789961633129
1,16,5,0.917823259074173,30.8241260899281,0.873583003838534,74.8789961633129
1,16,6,0.944951802198397,38.7695698647033,0.873583003838534,74.8789961633129
1,16,7,0.987979649012917,8.68740449111093,0.873583003838534,74.8789961633129
1,16,8,0.895571764895518,8.33313727609963,0.873583003838534,74.8789961633129
1,16,9,0.881329738362421,8.53412469182446,0.873583003838534,74.8789961633129
1,16,10,0.87762708745106,8.76754446796632,0.873583003838534,74.8789961633129
1,16,11,0.913502035594294,226.28036274259,0.913502035594294,226.28036274259
1,16,12,0.96438531394746,98.5118597667901,0.913502035594294,226.28036274259
1,16,13,0.916511931002832,9.08286446891264,0.913502035594294,226.28036274259
1,16,14,0.846495476133706,40.0548645853625,0.913502035594294,226.28036274259
1,16,15,0.820288633203,500,0.820288633203,500
1,16,16,0.93306528442783,8.70717967697245,0.820288633203,500
1,16,17,0.852835946963644,8.90589199622371,0.820288633203,500
1,16,18,0.869155567286897,34.3430170770839,0.820288633203,500
1,16,19,0.848451028049461,112.606669137633,0.820288633203,500
1,16,20,0.994368967118017,8.84602267034883,0.820288633203,500
1,16,21,0.939114646921745,69.712859212291,0.820288633203,500
1,16,22,0.844147542027781,20.131736735172,0.820288633203,500
1,16,23,0.964020012423664,18.5516874866075,0.820288633203,500
1,16,24,0.919327318986845,40.8700789296782,0.820288633203,500
1,16,25,0.946403701713069,500,0.820288633203,500
1,16,26,0.987010594918578,500,0.820288633203,500
1,16,27,0.815186932083419,25.8168044577365,0.820288633203,500
1,16,28,0.854107739601582,8.48477547928716,0.820288633203,500
1,16,29,0.968862165746235,8.76528150943547,0.820288633203,500
1,16,30,0.818045923316841,316.337880359109,0.820288633203,500
1,17,0,0.856433145453176,8.65166852264521,0.856433145453176,8.65166852264521
1,17,1,0.867187998699691,34.9199735799323,0.867187998699691,34.9199735799323
1,17,2,0.971159216018842,8.7077089698935,0.867187998699691,34.9199735799323
1,17,3,0.806533017382605,113.92,0.806533017382605,113.92
1,17,4,0.9494579664884,70.3900025188918,0.806533017382605,113.92
1,17,5,0.81004588288467,8.55778119658929,0.806533017382605,113.92
1,17,6,0.851907339332194,117.730873089791,0.851907339332194,117.730873089791
1,17,7,0.984876469968826,84.9024948247324,0.851907339332194,117.730873089791
1,17,8,0.927947810267545,8.36754446796632,0.851907339332194,117.730873089791
1,17,9,0.892584722726649,48.0221029740537,0.851907339332194,117.730873089791
1,17,10,0.867971130083588,110.953022571397,0.851907339332194,117.730873089791
1,17,11,0.805661252938795,32.0595896171427,0.851907339332194,117.730873089791
1,17,12,0.947074266533016,109.329853081592,0.851907339332194,117.730873089791
1,17,13,0.99847713975958,500,0.99847713975958,500
1,17,14,0.891230423577932,131.176902901179,0.99847713975958,500
1,17,15,0.874475136611137,26.1278738761131,0.99847713975958,500
1,17,16,0.895484402882679,8.58678788880707,0.99847713975958,500
1,17,17,0.890075492407318,-10.265986126349,0.99847713975958,500
1,17,18,0.889359741964373,8.1891577019472,0.99847713975958,500
1,17,19,0.929907688375047,8.72528150943547,0.99847713975958,500
1,17,20,0.970874818650322,26.0633209023598,0.99847713975958,500
1,17,21,0.826613879262288,63.4527217286245,0.99847713975958,500
1,17,22,0.838396990683915,8.50717967697245,0.99847713975958,500
1,17,23,0.982090517648407,84.0229697515003,0.99847713975958,500
1,17,24,0.910418394345681,27.386492650287,0.99847713975958,500
1,17,25,0.9564314952946,168.951536750383,0.99847713975958,500
1,17,26,0.976703222923866,64.6606361580596,0.99847713975958,500
1,17,27,0.97354491077317,8.35147186257614,0.99847713975958,500
1,17,28,0.920046583499602,9.01518002592747,0.99847713975958,500
1,17,29,0.83162472377576,44.0024152114567,0.99847713975958,500
1,17,30,0.805395989244687,500,0.99847713975958,500
1,18,0,0.900150570194162,8.4,0.900150570194162,8.4
1,18,1,0.913893388021807,8.43818369259806,0.913893388021807,8.43818369259806
1,18,2,0.871382843393349,102.633976814226,0.871382843393349,102.633976814226
1,18,3,0.939445721298401,8.50437122281339,0.871382843393349,102.633976814226
1,18,4,0.809584348746493,25.1347117574599,0.871382843393349,102.633976814226
1,18,5,0.848115735643661,7.07770296014922,0.871382843393349,102.633976814226
1,18,6,0.86997863178569,29.6653710002245,0.871382843393349,102.633976814226
1,18,7,0.904926382534882,70.9671598447433,0.871382843393349,102.633976814226
1,18,8,0.86182231775113,63.5825285029348,0.871382843393349,102.633976814226
1,18,9,0.91072966955435,102.709330544767,0.91072966955435,102.709330544767
1,18,10,0.908875520617824,13.121485462321,0.91072966955435,102.709330544767
1,18,11,0.924809180556188,32.391078159578,0.91072966955435,102.709330544767
1,18,12,0.854844583520283,8.57694354180444,0.91072966955435,102.709330544767
1,18,13,0.924471222985251,234.832274076907,0.924471222985251,234.832274076907
1,18,14,0.962849603587967,8.40730303082914,0.924471222985251,234.832274076907
1,18,15,0.865971819017741,28.3605649830228,0.924471222985251,234.832274076907
1,18,16,0.919655878160347,59.7502155949936,0.924471222985251,234.832274076907
1,18,17,0.949511543658648,8.84,0.924471222985251,234.832274076907
1,18,18,0.97832885339187,8.55778119658929,0.924471222985251,234.832274076907
1,18,19,0.815810849667685,8.53412469182446,0.924471222985251,234.832274076907
1,18,20,0.987652204854352,364.583717172892,0.987652204854352,364.583717172892
1,18,21,0.940615570025118,117.788559178649,0.987652204854352,364.583717172892
1,18,22,0.944132734397685,8.50437122281339,0.987652204854352,364.583717172892
1,18,23,0.988140782621406,8.67402233281561,0.987652204854352,364.583717172892
1,18,24,0.931353460726849,47.9825511573591,0.987652204854352,364.583717172892
1,18,25,0.839303927471518,55.1331689786951,0.987652204854352,364.583717172892
1,18,26,0.924830839718918,8.6658337398375,0.987652204854352,364.583717172892
1,18,27,0.861839700127034,31.6899035825477,0.987652204854352,364.583717172892
1,18,28,0.951508311655241,8.67414287202071,0.987652204854352,364.583717172892
1,18,29,0.906858944285733,8.50437122281339,0.987652204854352,364.583717172892
1,18,30,0.849428951656834,49.2553807000488,0.987652204854352,364.583717172892
1,19,0,0.884432045132954,30.8407092347226,0.884432045132954,30.8407092347226
1,19,1,0.914535724728692,94.4688835592821,0.914535724728692,94.4688835592821
1,19,2,0.917645292581982,31.1834456178903,0.914535724728692,94.4688835592821
1,19,3,0.834978921063936,25.4984772051166,0.914535724728692,94.4688835592821
1,19,4,0.908286986819014,45.3988061031147,0.914535724728692,94.4688835592821
1,19,5,0.80345255278754,240.470633141714,0.80345255278754,240.470633141714
1,19,6,0.832156176420561,110.925850774079,0.80345255278754,240.470633141714
1,19,7,0.953573691338995,8.94589199622371,0.80345255278754,240.470633141714
1,19,8,0.98308942983875,23.6576400825333,0.80345255278754,240.470633141714
1,19,9,0.836612496010295,37.1934522927329,0.80345255278754,240.470633141714
1,19,10,0.919645199518605,37.321887517726,0.80345255278754,240.470633141714
1,19,11,0.8893901615872,124.725651903054,0.80345255278754,240.470633141714
1,19,12,0.962897787772615,49.7650289192344,0.80345255278754,240.470633141714
1,19,13,0.867217186573327,9.18934003354314,0.80345255278754,240.470633141714
1,19,14,0.881165594433809,29.166819575083,0.80345255278754,240.470633141714
1,19,15,0.959349057017704,23.4776976664994,0.80345255278754,240.470633141714
1,19,16,0.811329545631,124.846888686433,0.80345255278754,240.470633141714
1,19,17,0.910666970541381,105.961128286733,0.80345255278754,240.470633141714
1,19,18,0.80891544645931,260.91000421941,0.80891544645931,260.91000421941
1,19,19,0.917318096235747,8.67414287202071,0.80891544645931,260.91000421941
1,19,20,0.910648338918028,8.84,0.80891544645931,260.91000421941
1,19,21,0.914283581576797,45.2846235211967,0.80891544645931,260.91000421941
1,19,22,0.889788781325814,16.177845944745,0.80891544645931,260.91000421941
1,19,23,0.896715368680038,281.791483695304,0.896715368680038,281.791483695304
1,19,24,0.878153895954543,352.247302261283,0.878153895954543,352.247302261283
1,19,25,0.951096357655076,8.47684863886644,0.878153895954543,352.247302261283
1,19,26,0.80794935655695,36.6149519113364,0.878153895954543,352.247302261283
1,19,27,0.957877854077462,140.829789917652,0.878153895954543,352.247302261283
1,19,28,0.988948489288024,70.8984445398765,0.878153895954543,352.247302261283
1,19,29,0.96803755529569,8.70717967697245,0.878153895954543,352.247302261283
1,19,30,0.932670751091374,35.3154987082217,0.878153895954543,352.247302261283
1,20,0,0.810007698794826,74.2443931859883,0.810007698794826,74.2443931859883
1,20,1,0.858427567049296,8.70550834017051,0.810007698794826,74.2443931859883
1,20,2,0.847262812676451,23.8864167982433,0.810007698794826,74.2443931859883
1,20,3,0.862285399830913,42.6871593334471,0.810007698794826,74.2443931859883
1,20,4,0.890273868741594,108.206232630384,0.890273868741594,108.206232630384
1,20,5,0.923718297726352,8.42612040202497,0.890273868741594,108.206232630384
1,20,6,0.852945333699664,54.6657940962147,0.890273868741594,108.206232630384
1,20,7,0.9214094204168,68.7694005726214,0.890273868741594,108.206232630384
1,20,8,0.863953795637795,42.2736290669025,0.890273868741594,108.206232630384
1,20,9,0.967849875038151,8.37837363085848,0.890273868741594,108.206232630384
1,20,10,0.894715118025093,111.551824177151,0.894715118025093,111.551824177151
1,20,11,0.89636424325832,8.63600995031033,0.894715118025093,111.551824177151
1,20,12,0.841139593842012,20.1235019161589,0.894715118025093,111.551824177151
1,20,13,0.862833424114277,89.7717105742776,0.894715118025093,111.551824177151
1,20,14,0.961470362049228,8.67414287202071,0.894715118025093,111.551824177151
1,20,15,0.946336939175318,227.686810328917,0.946336939175318,227.686810328917
1,20,16,0.817147550399861,37.8573249087889,0.946336939175318,227.686810328917
1,20,17,0.899571314000505,129.623433464215,0.946336939175318,227.686810328917
1,20,18,0.895808137437046,138.867730144601,0.946336939175318,227.686810328917
1,20,19,0.866338499182815,500,0.866338499182815,500
1,20,20,0.886655641072936,59.9713659301202,0.866338499182815,500
1,20,21,0.950565031011674,27.6810072854878,0.866338499182815,500
1,20,22,0.812555245348447,122.831127171859,0.866338499182815,500
1,20,23,0.872968655545092,184.773186472731,0.866338499182815,500
1,20,24,0.866913167434726,500,0.866338499182815,500
1,20,25,0.806339127016,151.433603303455,0.866338499182815,500
1,20,26,0.884662981998008,8.32,0.866338499182815,500
1,20,27,0.907438206511627,26.4871234106656,0.866338499182815,500
1,20,28,0.950423506276661,46.009490694768,0.866338499182815,500
1,20,29,0.954624758226207,8.59007692762912,0.866338499182815,500
1,20,30,0.904053717259975,198.484220839473,0.866338499182815,500
1,21,0,0.894299572982742,132.62660626154,0.894299572982742,132.62660626154
1,21,1,0.804867739615886,33.2267261907728,0.894299572982742,132.62660626154
1,21,2,0.851288608809743,230.487840550545,0.851288608809743,230.487840550545
1,21,3,0.918247762560953,102.597439274288,0.851288608809743,230.487840550545
1,21,4,0.915398184347439,240.155559152171,0.915398184347439,240.155559152171
1,21,5,0.894248402164308,89.0983625866901,0.9997,240.155559152171
1,21,6,0.911556544969167,23.6061674895347,0.9997,240.155559152171
1,21,7,0.934731239514447,128.805189216407,0.9997,240.155559152171
1,21,8,0.831070194914141,90.9607747781547,0.9997,240.155559152171
1,21,9,0.945799426088698,8.64353861898849,0.9997,240.155559152171
1,21,10,0.827270311019418,16.3097917167744,0.9997,240.155559152171
1,21,11,0.882187016305056,53.4945104322253,0.9997,240.155559152171
1,21,12,0.976936397318618,386.125245909486,0.9997,386.125245909486
1,21,13,0.853563621311345,382.69637209405,0.9997,386.125245909486
1,21,14,0.997443977496685,500,0.9997,500
1,21,15,0.86996869007323,206.32344165625,0.9997,500
1,21,16,0.955329984588731,128.126863897107,0.9997,500
1,21,17,0.938245374713872,106.718680796184,0.9997,500
1,21,18,0.83049973002162,110.932883108979,0.9997,500
1,21,19,0.931041105704316,91.9326230452534,0.9997,500
1,21,20,0.948622677200801,75.4481485996086,0.9997,500
1,21,21,0.873823169904528,107.527846910172,0.9997,500
1,21,22,0.873127443364858,8.37837363085848,0.9997,500
1,21,23,0.959793988436639,103.115642177291,0.9997,500
1,21,24,0.911896936230036,8.42897332470012,0.9997,500
1,21,25,0.819742952558648,24.4826434641303,0.9997,500
1,21,26,0.908384960595919,100.53277681163,0.9997,500
1,21,27,0.853505768563946,26.8092588341411,0.9997,500
1,21,28,0.965147241625365,189.038346730802,0.9997,500
1,21,29,0.869145812145309,8.65485044646689,0.9997,500
1,21,30,0.994310504781731,37.8764945546088,0.9997,500
1,22,0,0.872689108694298,53.0098990585592,0.872689108694298,53.0098990585592
1,22,1,0.934447501582639,8.08896687896144,0.872689108694298,53.0098990585592
1,22,2,0.863130758288627,8.94589199622371,0.872689108694298,53.0098990585592
1,22,3,0.97646550424504,8.83431457505076,0.872689108694298,53.0098990585592
1,22,4,0.922352974755583,237.181936598326,0.922352974755583,237.181936598326
1,22,5,0.872316269476114,105.618826117967,0.922352974755583,237.181936598326
1,22,6,0.960167415846142,8.47095556916429,0.922352974755583,237.181936598326
1,22,7,0.900306655533441,30.7107056079661,0.922352974755583,237.181936598326
1,22,8,0.975089989365245,201.341666240845,0.922352974755583,237.181936598326
1,22,9,0.994942303973736,98.4360320063653,0.922352974755583,237.181936598326
1,22,10,0.847124682785838,32.9629598867974,0.922352974755583,237.181936598326
1,22,11,0.819295150775474,8.63600995031033,0.922352974755583,237.181936598326
1,22,12,0.888437345757141,25.7741085926507,0.922352974755583,237.181936598326
1,22,13,0.942500308664944,47.4437039798604,0.922352974755583,237.181936598326
1,22,14,0.981567058854022,8.45440930237799,0.922352974755583,237.181936598326
1,22,15,0.933745103912466,8.86257616903349,0.922352974755583,237.181936598326
1,22,16,0.996948827660504,500,0.996948827660504,500
1,22,17,0.814339652628155,113.818943165102,0.996948827660504,500
1,22,18,0.815289242265138,257.547412467323,0.996948827660504,500
1,22,19,0.864924184908124,48.2315008274111,0.996948827660504,500
1,22,20,0.887356813133146,144.830603626949,0.996948827660504,500
1,22,21,0.926078650221871,46.6732217977071,0.996948827660504,500
1,22,22,0.894664058310765,39.2328387001226,0.996948827660504,500
1,22,23,0.917449354253303,23.1432589501755,0.996948827660504,500
1,22,24,0.850454199352725,-10.5484608716372,0.996948827660504,500
1,22,25,0.938406349219082,6.30465120659983,0.996948827660504,500
1,22,26,0.909218881986194,47.4202149623003,0.996948827660504,500
1,22,27,0.829864878987814,18.6059021492296,0.996948827660504,500
1,22,28,0.842380781355172,27.421309124844,0.996948827660504,500
1,22,29,0.992403190038941,281.944328482767,0.996948827660504,500
1,22,30,0.980195900888607,22.029841871381,0.996948827660504,500
1,23,0,0.985467300834894,8.64353861898849,0.985467300834894,8.64353861898849
1,23,1,0.831968995332273,65.4064807218202,0.831968995332273,65.4064807218202
1,23,2,0.879200397944568,165.224077244356,0.879200397944568,165.224077244356
1,23,3,0.833751467128598,308.628653658346,0.833751467128598,308.628653658346
1,23,4,0.877456397067207,8.61547009096655,0.833751467128598,308.628653658346
1,23,5,0.927595910042801,8.7140223328156,0.833751467128598,308.628653658346
1,23,6,0.870297525507255,24.9023888564992,0.833751467128598,308.628653658346
1,23,7,0.875636876540383,105.956343880539,0.833751467128598,308.628653658346
1,23,8,0.941820229698677,89.7418715390407,0.833751467128598,308.628653658346
1,23,9,0.843135583261034,27.1749074087879,0.833751467128598,308.628653658346
1,23,10,0.931973763158086,8.46191684803532,0.833751467128598,308.628653658346
1,23,11,0.926794725282963,14.6533351230425,0.833751467128598,308.628653658346
1,23,12,0.913467350118679,2.26811697406637,0.833751467128598,308.628653658346
1,23,13,0.80504479039631,120.489357757112,0.833751467128598,308.628653658346
1,23,14,0.946168077554782,8.67414287202071,0.833751467128598,308.628653658346
1,23,15,0.803613234449769,8.61547009096655,0.833751467128598,308.628653658346
1,23,16,0.908416325358287,43.9932374044394,0.833751467128598,308.628653658346
1,23,17,0.825397596577452,8.53119819413323,0.833751467128598,308.628653658346
1,23,18,0.882797658099705,21.0690483787645,0.833751467128598,308.628653658346
1,23,19,0.989302975332333,8.94589199622371,0.833751467128598,308.628653658346
1,23,20,0.925012344013189,57.5331486945267,0.833751467128598,308.628653658346
1,23,21,0.994124906940257,8.61811052036034,0.833751467128598,308.628653658346
1,23,22,0.941731803797879,47.4310709262843,0.833751467128598,308.628653658346
1,23,23,0.996140658686431,366.493101859441,0.996140658686431,366.493101859441
1,23,24,0.808165240283811,8.61811052036034,0.996140658686431,366.493101859441
1,23,25,0.983248628148288,8.56602267034883,0.996140658686431,366.493101859441
1,23,26,0.867336717470954,78.7361916236374,0.996140658686431,366.493101859441
1,23,27,0.840692833337361,122.014952417909,0.996140658686431,366.493101859441
1,23,28,0.884437232948165,24.7974511794267,0.996140658686431,366.493101859441
1,23,29,0.868360949497849,132.976560167461,0.996140658686431,366.493101859441
1,23,30,0.95440938792193,96.6180957595707,0.996140658686431,366.493101859441
1,24,0,0.803453408451534,88.3595555692721,0.803453408451534,88.3595555692721
1,24,1,0.918188757755879,29.3228208316142,0.803453408451534,88.3595555692721
1,24,2,0.977295599433471,8.68740449111093,0.803453408451534,88.3595555692721
1,24,3,0.957697158932803,22.0713815893838,0.803453408451534,88.3595555692721
1,24,4,0.840729922614931,8.80740449111093,0.803453408451534,88.3595555692721
1,24,5,0.853167112149482,51.1243482213008,0.803453408451534,88.3595555692721
1,24,6,0.85042774726599,83.2884269442271,0.803453408451534,88.3595555692721
1,24,7,0.844008521166864,500,0.844008521166864,500
1,24,8,0.813980120314112,15.3113782020264,0.844008521166864,500
1,24,9,0.926363762255008,70.6402463204441,0.844008521166864,500
1,24,10,0.841121175515176,12.8579466494002,0.844008521166864,500
1,24,11,0.813534034903543,32.7542688235026,0.844008521166864,500
1,24,12,0.973855991333395,24.4167249424374,0.844008521166864,500
1,24,13,0.956936095937427,130.60213212392,0.844008521166864,500
1,24,14,0.805284615634897,41.4977522643615,0.844008521166864,500
1,24,15,0.873463178316196,85.6655894640603,0.844008521166864,500
1,24,16,0.961202616331928,49.48640634644,0.844008521166864,500
1,24,17,0.961270941961123,8.32,0.844008521166864,500
1,24,18,0.90951867095228,8.64353861898849,0.844008521166864,500
1,24,19,0.832050392978932,8.70717967697245,0.844008521166864,500
1,24,20,0.93994703182265,8.98868572571657,0.844008521166864,500
1,24,21,0.925923875449229,66.0092048109987,0.844008521166864,500
1,24,22,0.936894605729452,35.9308146194994,0.844008521166864,500
1,24,23,0.840343134912781,39.725447129409,0.844008521166864,500
1,24,24,0.962991179954536,267.543021661731,0.844008521166864,500
1,24,25,0.820240644182069,190.273371682824,0.844008521166864,500
1,24,26,0.842251002642715,8.63600995031033,0.844008521166864,500
1,24,27,0.888530118852701,253.902736380496,0.844008521166864,500
1,24,28,0.926944635910208,44.8083405797156,0.844008521166864,500
1,24,29,0.845529713031678,27.6196256871805,0.844008521166864,500
1,24,30,0.949172928786194,85.8720710850243,0.844008521166864,500
