method,experiment,iteration,learning_rate,reward_lower_bound,best_learning_rate,best_reward_lower_bound
0,0,0,0.0217757708015031,-781.2014238728153,0.0217757708015031,-781.2014238728153
0,0,1,0.1,-193.85688093564528,0.1,-193.85688093564528
0,0,2,0.0755494965314865,-635.1068954687881,0.1,-193.85688093564528
0,0,3,0.1,-765.7752129033519,0.1,-193.85688093564528
0,0,4,0.0001,85.90904962963343,0.0001,85.90904962963343
0,0,5,0.0001,-86.74834806241148,0.0001,85.90904962963343
0,0,6,0.0001,121.83124285436745,0.0001,121.83124285436745
0,0,7,0.0001,202.7315629271726,0.0001,202.7315629271726
0,0,8,0.0001,53.47180919907109,0.0001,202.7315629271726
0,0,9,0.0511581034243106,-152.73818081476986,0.0001,202.7315629271726
0,0,10,0.0414488559067249,-167.34250181100276,0.0001,202.7315629271726
0,0,11,0.0057078874964267,-340.19538889376616,0.0001,202.7315629271726
0,0,12,0.0589466482639312,-751.6471637077523,0.0001,202.7315629271726
0,0,13,0.0001,20.34042034043607,0.0001,202.7315629271726
0,0,14,0.0364673059403896,-766.8041016557465,0.0001,202.7315629271726
0,0,15,0.0880271001458168,-669.0023121605974,0.0001,202.7315629271726
0,0,16,0.0001,-38.65857785071724,0.0001,202.7315629271726
0,0,17,0.0001,191.42993891874264,0.0001,202.7315629271726
0,0,18,0.0001,54.74719785359267,0.0217757708015031,202.7315629271726
0,0,19,0.0468366102278232,-744.7730656127684,0.0217757708015031,202.7315629271726
0,0,20,0.0001,-85.8867777125932,0.0217757708015031,202.7315629271726
0,0,21,0.0001,86.64154261325542,0.0217757708015031,202.7315629271726
0,0,22,0.0001,54.53934206039587,0.0217757708015031,202.7315629271726
0,0,23,0.0001,43.93982379529436,0.0217757708015031,202.7315629271726
0,0,24,0.0001,88.92892192366209,0.0217757708015031,202.7315629271726
0,0,25,0.0001,-17.164207573981983,0.0217757708015031,202.7315629271726
0,1,0,0.041183316194857,-169.83013602257125,0.041183316194857,-169.83013602257125
0,1,1,0.1,-669.7295255095584,0.041183316194857,-169.83013602257125
0,1,2,0.0052487144790589,5.930711902577031,0.0052487144790589,5.930711902577031
0,1,3,0.0001,125.2120973062267,0.0001,125.2120973062267
0,1,4,0.0001,177.20018634697956,0.0001,177.20018634697956
0,1,5,0.0645081073760986,-193.82313865211933,0.0001,177.20018634697956
0,1,6,0.0001,120.93701000176192,0.0001,177.20018634697956
0,1,7,0.0001,-77.4483674541171,0.0001,177.20018634697956
0,1,8,0.0169578499019145,-191.2581412171416,0.0001,177.20018634697956
0,1,9,0.0001,-98.43724425525448,0.0001,177.20018634697956
0,1,10,0.0001,58.54352125086464,0.0001,177.20018634697956
0,1,11,0.0001,106.18239980992756,0.0001,177.20018634697956
0,1,12,0.0001,111.74873509246196,0.0001,177.20018634697956
0,1,13,0.0519382565855979,-164.17309522067876,0.0001,177.20018634697956
0,1,14,0.0001,5.731966490569405,0.0001,177.20018634697956
0,1,15,0.0273000344008207,-183.20514831263017,0.0001,177.20018634697956
0,1,16,0.0002380055624293,204.69937325313904,0.0002380055624293,204.69937325313904
0,1,17,0.0754322821199894,-174.9887556026709,0.0002380055624293,204.69937325313904
0,1,18,0.0093176816262304,-167.96987402255354,0.0002380055624293,204.69937325313904
0,1,19,0.0001772374532185,188.5672680310265,0.0002380055624293,204.69937325313904
0,1,20,0.0001753131249919,228.11751886504769,0.0001753131249919,228.11751886504769
0,1,21,0.0001773190485313,219.32380859944053,0.0001753131249919,228.11751886504769
0,1,22,0.0002058533108793,236.3384962944709,0.0002058533108793,236.3384962944709
0,1,23,0.0001155538157559,132.23866563028395,0.0002058533108793,236.3384962944709
0,1,24,0.0002736802287399,120.31837076990156,0.0002058533108793,236.3384962944709
0,1,25,0.0002235421884804,233.04233036018687,0.0002058533108793,236.3384962944709
0,2,0,0.0321451328233836,-704.2642716517502,0.0321451328233836,-704.2642716517502
0,2,1,0.1,-796.9785518040437,0.0321451328233836,-704.2642716517502
0,2,2,0.0020292287833988,228.46323226641576,0.0217757708015031,236.3384962944709
0,2,3,0.0019505965806543,124.9990141867406,0.0217757708015031,236.3384962944709
0,2,4,0.0017919639417901,124.49604670460356,0.0217757708015031,236.3384962944709
0,2,5,0.0027997931463643,236.73282307206148,0.0027997931463643,236.73282307206148
0,2,6,0.0027056667659431,219.5648279259845,0.0027997931463643,236.73282307206148
0,2,7,0.0026625250818207,110.21823705650613,0.0027997931463643,236.73282307206148
0,2,8,0.0016429190778173,219.2119918276084,0.0217757708015031,236.73282307206148
0,2,9,0.0016483662394806,90.5292294975903,0.0217757708015031,236.73282307206148
0,2,10,0.0131987730070948,-250.94377137857603,0.0217757708015031,236.73282307206148
0,2,11,0.0688884906172752,-763.4496204560419,0.0217757708015031,236.73282307206148
0,2,12,0.0031475691165775,-15.272507013861755,0.0217757708015031,236.73282307206148
0,2,13,0.0014751834909431,160.08265050001646,0.0217757708015031,236.73282307206148
0,2,14,0.0014774920707568,164.8126996944626,0.0217757708015031,236.73282307206148
0,2,15,0.0811155346572399,-761.6245751506106,0.0217757708015031,236.73282307206148
0,2,16,0.0014875253169797,152.08049780344163,0.0217757708015031,236.73282307206148
0,2,17,0.0940350041508674,-1008.5599509306036,0.0217757708015031,236.73282307206148
0,2,18,0.001536664489191,213.4255402696274,0.0217757708015031,236.73282307206148
0,2,19,0.0015271232338622,259.80963681444695,0.0015271232338622,259.80963681444695
0,2,20,0.0543447396099567,-182.57878172045287,0.0015271232338622,259.80963681444695
0,2,21,0.0015287239720113,236.5372830851979,0.0015271232338622,259.80963681444695
0,2,22,0.0015112281505949,236.76502441402164,0.0015271232338622,259.80963681444695
0,2,23,0.0014921427557244,69.34647593305598,0.0015271232338622,259.80963681444695
0,2,24,0.0024687554730102,178.1372941995299,0.0015271232338622,259.80963681444695
0,2,25,0.0023965768361464,149.81986356509125,0.0217757708015031,259.80963681444695
0,3,0,0.0489161571275339,-151.3450100016092,0.0489161571275339,-151.3450100016092
0,3,1,0.1,-168.01437581304597,0.0489161571275339,-151.3450100016092
0,3,2,0.0132258287847042,-170.8884462963268,0.0489161571275339,-151.3450100016092
0,3,3,0.0625271927535534,-208.9264980770762,0.0489161571275339,-151.3450100016092
0,3,4,0.0001,-7.553931777242582,0.0001,-7.553931777242582
0,3,5,0.0001,-89.66362775599328,0.0001,-7.553931777242582
0,3,6,0.0001,-62.90448555246301,0.0001,-7.553931777242582
0,3,7,0.0001,-46.06342721749212,0.0001,-7.553931777242582
0,3,8,0.0327419062316417,-1257.405042067992,0.0001,-7.553931777242582
0,3,9,0.0839019686281681,-150.5849020368384,0.0001,-7.553931777242582
0,3,10,0.0727202318131923,-720.4775450895136,0.0217757708015031,259.80963681444695
0,3,11,0.0110895641297101,-169.81157688298205,0.0217757708015031,259.80963681444695
0,3,12,0.0034771505415439,166.60940606969595,0.0217757708015031,259.80963681444695
0,3,13,0.0034229143138974,-508.20374941625903,0.0217757708015031,259.80963681444695
0,3,14,0.0013655493491329,263.62433672284834,0.0013655493491329,263.62433672284834
0,3,15,0.0013498675115406,165.1515326608071,0.0013655493491329,263.62433672284834
0,3,16,0.0013475176223553,255.7141520049101,0.0013655493491329,263.62433672284834
0,3,17,0.0013365680337883,242.9652986372895,0.0013655493491329,263.62433672284834
0,3,18,0.0013261156463064,45.98876095778776,0.0013655493491329,263.62433672284834
0,3,19,0.0253489339798688,-195.8133747785804,0.0013655493491329,263.62433672284834
0,3,20,0.015272184894979,-165.84973413128233,0.0013655493491329,263.62433672284834
0,3,21,0.0013995931093581,245.39778592769247,0.0013655493491329,263.62433672284834
0,3,22,0.0013874687157571,106.47460288556933,0.0013655493491329,263.62433672284834
0,3,23,0.0433347545087337,-759.3512689172182,0.0013655493491329,263.62433672284834
0,3,24,0.0067063852488994,-265.69834057001617,0.0013655493491329,263.62433672284834
0,3,25,0.0002149550493806,136.52663027993,0.0217757708015031,263.62433672284834
0,4,0,0.0586082599149721,-201.7872606867421,0.0586082599149721,-201.7872606867421
0,4,1,0.0001,82.84935337187162,0.0001,82.84935337187162
0,4,2,0.1,-164.60814564842477,0.0001,82.84935337187162
0,4,3,0.0124453123986721,-166.6494049980778,0.0001,82.84935337187162
0,4,4,0.0001,10.696403633620918,0.0001,82.84935337187162
0,4,5,0.0001,82.88895436375009,0.0001,82.88895436375009
0,4,6,0.0394638237446546,-192.5312949531545,0.0217757708015031,263.62433672284834
0,4,7,0.0014880622457712,196.3574424925888,0.0217757708015031,263.62433672284834
0,4,8,0.0560228974759578,-173.2601565920262,0.0217757708015031,263.62433672284834
0,4,9,0.0014840863117948,213.581049774089,0.0217757708015031,263.62433672284834
0,4,10,0.0064805978998541,-228.1963105326543,0.0217757708015031,263.62433672284834
0,4,11,0.0014691485080868,182.42912783916543,0.0217757708015031,263.62433672284834
0,4,12,0.000232514788676,168.54253624031844,0.0217757708015031,263.62433672284834
0,4,13,0.0002205577724613,232.5405235888738,0.0217757708015031,263.62433672284834
0,4,14,0.0001272062218748,163.92963248769718,0.0217757708015031,263.62433672284834
0,4,15,0.0013394299172796,176.83425030454157,0.0217757708015031,263.62433672284834
0,4,16,0.0288783888250589,-159.36592824851746,0.0217757708015031,263.62433672284834
0,4,17,0.0013172073361463,244.92151040411235,0.0217757708015031,263.62433672284834
0,4,18,0.0013058345125988,260.10767478577,0.0217757708015031,263.62433672284834
0,4,19,0.0012940113796852,177.51204071184276,0.0217757708015031,263.62433672284834
0,4,20,0.0853691048264503,-1170.938355697468,0.0217757708015031,263.62433672284834
0,4,21,0.0009260812741704,187.99954364439947,0.0217757708015031,263.62433672284834
0,4,22,0.0009251386947929,136.67622668274666,0.0217757708015031,263.62433672284834
0,4,23,0.0001500111348927,196.84576108111523,0.0217757708015031,263.62433672284834
0,4,24,0.0001428999684751,48.711259604957846,0.0217757708015031,263.62433672284834
0,4,25,0.0002866571398451,210.5013475543492,0.0217757708015031,263.62433672284834
0,5,0,0.0690229802675445,-1508.346989305997,0.0690229802675445,-1508.346989305997
0,5,1,0.0001,-104.61268057477513,0.0001,-104.61268057477513
0,5,2,0.0187240733936429,-176.58526929846784,0.0217757708015031,263.62433672284834
0,5,3,0.0009892286031506,210.15357759912,0.0217757708015031,263.62433672284834
0,5,4,0.0009827723391354,255.1230308216414,0.0217757708015031,263.62433672284834
0,5,5,0.0009723562369123,108.37483201037186,0.0217757708015031,263.62433672284834
0,5,6,0.090633475869894,-853.8798686686905,0.0217757708015031,263.62433672284834
0,5,7,0.0020069427495822,104.2692069227103,0.0217757708015031,263.62433672284834
0,5,8,0.0974272553145885,-161.80659773984416,0.0217757708015031,263.62433672284834
0,5,9,0.0779247898638248,-706.5030515410743,0.0217757708015031,263.62433672284834
0,5,10,0.0009812797124497,153.81247544002656,0.0217757708015031,263.62433672284834
0,5,11,0.050062778365612,-183.1252581849953,0.0217757708015031,263.62433672284834
0,5,12,0.0020243738157674,184.76811757176583,0.0217757708015031,263.62433672284834
0,5,13,0.0009919499975629,187.6713706335032,0.0217757708015031,263.62433672284834
0,5,14,0.0009867897685617,256.3260288999371,0.0217757708015031,263.62433672284834
0,5,15,0.0009775679165497,161.8633847536537,0.0217757708015031,263.62433672284834
0,5,16,0.0659504787921905,-733.9338858401022,0.0217757708015031,263.62433672284834
0,5,17,0.0020103701248764,237.50666772289364,0.0217757708015031,263.62433672284834
0,5,18,0.0020140375411137,245.64678618283648,0.0217757708015031,263.62433672284834
0,5,19,0.0020188290560618,163.21858244823528,0.0217757708015031,263.62433672284834
0,5,20,0.0020209471847862,165.65268783511715,0.0217757708015031,263.62433672284834
0,5,21,0.0531392026364803,-1236.558644953219,0.0217757708015031,263.62433672284834
0,5,22,0.0002645917017944,218.36056902031828,0.0217757708015031,263.62433672284834
0,5,23,0.0001462618442252,48.20897175486982,0.0217757708015031,263.62433672284834
0,5,24,0.0001316043674014,74.14835812310274,0.0217757708015031,263.62433672284834
0,5,25,0.0001956371497362,149.390484839995,0.0217757708015031,263.62433672284834
0,6,0,0.0131467299720555,-168.27222042862073,0.0131467299720555,-168.27222042862073
0,6,1,0.1,-729.4952776566083,0.0131467299720555,-168.27222042862073
0,6,2,0.000141161811538,163.7628593255318,0.0217757708015031,263.62433672284834
0,6,3,0.0001703046428039,209.4864910451253,0.0217757708015031,263.62433672284834
0,6,4,0.0001631983144208,176.38572380580308,0.0217757708015031,263.62433672284834
0,6,5,0.0002930192482657,227.41263273013453,0.0217757708015031,263.62433672284834
0,6,6,0.0002031851348467,240.81874483092608,0.0217757708015031,263.62433672284834
0,6,7,0.0002040583070367,146.71585444777782,0.0217757708015031,263.62433672284834
0,6,8,0.0002726857335306,179.24963830244704,0.0217757708015031,263.62433672284834
0,6,9,0.0002941193428821,215.54956825851443,0.0217757708015031,263.62433672284834
0,6,10,0.0005292769878637,61.86269823971041,0.0217757708015031,263.62433672284834
0,6,11,0.0045415054805576,25.90497571032043,0.0217757708015031,263.62433672284834
0,6,12,0.0576607195317745,-191.80068353197427,0.0217757708015031,263.62433672284834
0,6,13,0.0001174200875684,86.482406352207,0.0217757708015031,263.62433672284834
0,6,14,0.0551328241705894,-768.6001326523236,0.0217757708015031,263.62433672284834
0,6,15,0.0746985800445079,-780.0384251704875,0.0217757708015031,263.62433672284834
0,6,16,0.0040592081468552,221.5926654145101,0.0217757708015031,263.62433672284834
0,6,17,0.0041311634898185,125.19117885797426,0.0217757708015031,263.62433672284834
0,6,18,0.056745994579792,-701.8981118903165,0.0217757708015031,263.62433672284834
0,6,19,0.0002022154810838,175.6524014873306,0.0217757708015031,263.62433672284834
0,6,20,0.0002641400898806,231.5056601629388,0.0217757708015031,263.62433672284834
0,6,21,0.0001636033137328,129.3550522553314,0.0217757708015031,263.62433672284834
0,6,22,0.0001091939402744,88.47609719576717,0.0217757708015031,263.62433672284834
0,6,23,0.0001900814114138,204.313115610184,0.0217757708015031,263.62433672284834
0,6,24,0.0002513528855517,158.2961476979067,0.0217757708015031,263.62433672284834
0,6,25,0.0001252725897356,-3.339046485221658,0.0217757708015031,263.62433672284834
0,7,0,0.0619542191774839,-754.322910965477,0.0619542191774839,-754.322910965477
0,7,1,0.0001,-21.368218365569064,0.0001,-21.368218365569064
0,7,2,0.0186387557715177,-173.08472298731238,0.0001,-21.368218365569064
0,7,3,0.0001,-95.70256240407012,0.0001,-21.368218365569064
0,7,4,0.1,-177.71621336759006,0.0001,-21.368218365569064
0,7,5,0.0068022334113717,-1115.3525579561192,0.0001,-21.368218365569064
0,7,6,0.1,-1222.08379378707,0.0001,-21.368218365569064
0,7,7,0.0347725975304842,-164.1784775879765,0.0001,-21.368218365569064
0,7,8,0.0342434951901435,-723.1435908579483,0.0001,-21.368218365569064
0,7,9,0.0001,-48.69135270834289,0.0001,-21.368218365569064
0,7,10,0.0001,-74.89816139311097,0.0001,-21.368218365569064
0,7,11,0.0001,17.151550319752204,0.0001,17.151550319752204
0,7,12,0.0001,89.00690612496315,0.0001,89.00690612496315
0,7,13,0.0001,-49.94922749138891,0.0001,89.00690612496315
0,7,14,0.0001,150.51219396146527,0.0001,150.51219396146527
0,7,15,0.0001,-105.91325320833415,0.0001,150.51219396146527
0,7,16,0.0001,-101.17809284580704,0.0001,150.51219396146527
0,7,17,0.0001,-16.971914932561972,0.0001,150.51219396146527
0,7,18,0.0001293080687522,127.5956516828824,0.0217757708015031,263.62433672284834
0,7,19,0.0002165782099589,203.8068636336181,0.0217757708015031,263.62433672284834
0,7,20,0.0002404560501687,151.12703785473605,0.0217757708015031,263.62433672284834
0,7,21,0.0001587009891867,228.37559279802088,0.0217757708015031,263.62433672284834
0,7,22,0.0002453639570623,204.6498317445381,0.0217757708015031,263.62433672284834
0,7,23,0.0038759675897657,126.42184640271437,0.0217757708015031,263.62433672284834
0,7,24,0.0022402361230924,99.68250420537304,0.0217757708015031,263.62433672284834
0,7,25,0.0049029408968985,-40.34585214624517,0.0217757708015031,263.62433672284834
0,8,0,0.0374496298757363,-188.48200970676857,0.0374496298757363,-188.48200970676857
0,8,1,0.1,-163.49984122759778,0.1,-163.49984122759778
0,8,2,0.0811785869002342,-165.331337817964,0.1,-163.49984122759778
0,8,3,0.1,-155.0739491005903,0.1,-155.0739491005903
0,8,4,0.0001,119.27592240837944,0.0001,119.27592240837944
0,8,5,0.0001,108.94082893704125,0.0001,119.27592240837944
0,8,6,0.0071065115436911,-438.4694817254906,0.0001,119.27592240837944
0,8,7,0.0588988216876983,-682.844128271918,0.0001,119.27592240837944
0,8,8,0.0001,-52.33503333434288,0.0374496298757363,119.27592240837944
0,8,9,0.0904783491313457,-159.06416501711928,0.0374496298757363,119.27592240837944
0,8,10,0.0266634562402963,-2004.3915352100453,0.0374496298757363,119.27592240837944
0,8,11,0.0447525219142437,-926.2463889934546,0.0374496298757363,119.27592240837944
0,8,12,0.0721579003632068,-768.7205084202436,0.0374496298757363,119.27592240837944
0,8,13,0.0856715102672577,-146.7085159621013,0.0374496298757363,119.27592240837944
0,8,14,0.0955210697174072,-792.055732837397,0.0374496298757363,119.27592240837944
0,8,15,0.0024196836611256,-2.699970353840527,0.0374496298757363,119.27592240837944
0,8,16,0.0144021246775984,-926.143299556703,0.0374496298757363,119.27592240837944
0,8,17,0.0651154727399349,-752.7457458458861,0.0374496298757363,119.27592240837944
0,8,18,0.052602499371767,-766.4479346128098,0.0374496298757363,119.27592240837944
0,8,19,0.0777740158677101,-779.4914468132706,0.0374496298757363,119.27592240837944
0,8,20,0.0012458627020008,205.59651824359733,0.0012458627020008,205.59651824359733
0,8,21,0.0021795035315677,83.15157913083044,0.0374496298757363,205.59651824359733
0,8,22,0.034452057647705,-1172.0777716617577,0.0374496298757363,205.59651824359733
0,8,23,0.0001,22.590476588187528,0.0374496298757363,205.59651824359733
0,8,24,0.0399337680876255,-181.75758642366424,0.0374496298757363,205.59651824359733
0,8,25,0.0881992269933223,-1025.1010288736152,0.0374496298757363,205.59651824359733
0,9,0,0.0048260720691145,-270.4061363851623,0.0048260720691145,-270.4061363851623
0,9,1,0.1,-181.5028481166021,0.1,-181.5028481166021
0,9,2,0.0706977309346199,-180.97903626708109,0.0706977309346199,-180.97903626708109
0,9,3,0.0851590418338775,-1246.7930444710305,0.0706977309346199,-180.97903626708109
0,9,4,0.0335031449109315,-767.4475333291173,0.0706977309346199,-180.97903626708109
0,9,5,0.0001,23.3024671520398,0.0001,23.3024671520398
0,9,6,0.0001,179.0882194134971,0.0001,179.0882194134971
0,9,7,0.0001,62.47583389614364,0.0001,179.0882194134971
0,9,8,0.0592166314303875,-1318.979632178679,0.0001,179.0882194134971
0,9,9,0.0001,-11.666362572758786,0.0001,179.0882194134971
0,9,10,0.0001,118.53946903307168,0.0001,179.0882194134971
0,9,11,0.0001,-25.90342177225945,0.0001,179.0882194134971
0,9,12,0.0001,69.39418834181265,0.0001,179.0882194134971
0,9,13,0.018618848375976,-1118.0156528824257,0.0001,179.0882194134971
0,9,14,0.0440987114191055,-767.0411104078577,0.0048260720691145,179.0882194134971
0,9,15,0.0751873376429081,-1917.0585504294831,0.0048260720691145,179.0882194134971
0,9,16,0.0001,-68.86488105342391,0.0048260720691145,179.0882194134971
0,9,17,0.0001,59.62554870097021,0.0048260720691145,179.0882194134971
0,9,18,0.0001,42.40355454125009,0.0048260720691145,179.0882194134971
0,9,19,0.0677658939301967,-777.4794334963606,0.0048260720691145,179.0882194134971
0,9,20,0.0019733772104606,-418.5112476916947,0.0048260720691145,179.0882194134971
0,9,21,0.097112923002243,-1804.1284101818687,0.0048260720691145,179.0882194134971
0,9,22,0.0001,89.13980248646298,0.0048260720691145,179.0882194134971
0,9,23,0.0001,13.564930326767296,0.0048260720691145,179.0882194134971
0,9,24,0.0001,-32.05788758100882,0.0048260720691145,179.0882194134971
0,9,25,0.0001,121.63483488945396,0.0048260720691145,179.0882194134971
0,10,0,0.0515687525588835,-159.4267280831708,0.0515687525588835,-159.4267280831708
0,10,1,0.0001,-26.32334857516329,0.0001,-26.32334857516329
0,10,2,0.1,-814.0724335927691,0.0001,-26.32334857516329
0,10,3,0.0226553098857402,-204.6186931870549,0.0001,-26.32334857516329
0,10,4,0.0001,86.48518496312464,0.0001,86.48518496312464
0,10,5,0.0001,-22.5582943244372,0.0001,86.48518496312464
0,10,6,0.0682743668913841,-181.57660190122303,0.0001,86.48518496312464
0,10,7,0.0071733359649777,-187.3797385758248,0.0001,86.48518496312464
0,10,8,0.0001,-35.32766780032124,0.0001,86.48518496312464
0,10,9,0.0386008136600256,-188.45589899748583,0.0001,86.48518496312464
0,10,10,0.0001,10.549773641370107,0.0001,86.48518496312464
0,10,11,0.0001,-52.88275616806732,0.0001,86.48518496312464
0,10,12,0.058570907151699,-159.87367601381803,0.0001,86.48518496312464
0,10,13,0.0780383541643619,-784.248791211607,0.0001,86.48518496312464
0,10,14,0.0306834341943264,-1566.6312334483478,0.0001,86.48518496312464
0,10,15,0.0439865613132715,-174.45651814441266,0.0001,86.48518496312464
0,10,16,0.0170171061486005,-165.39266044430866,0.0001,86.48518496312464
0,10,17,0.0635758821368217,-1179.8476890448185,0.0001,86.48518496312464
0,10,18,0.0001,4.430190797507734,0.0515687525588835,86.48518496312464
0,10,19,0.0001,143.6544218977659,0.0001,143.6544218977659
0,10,20,0.0001,102.68450290590329,0.0001,143.6544218977659
0,10,21,0.0001,22.040231086047328,0.0001,143.6544218977659
0,10,22,0.0029761235015466,87.9776607514138,0.0001,143.6544218977659
0,10,23,0.0554050700485706,-181.527296671648,0.0001,143.6544218977659
0,10,24,0.0714181485116481,-164.84865226547592,0.0001,143.6544218977659
0,10,25,0.0124236372597515,-717.845340631293,0.0001,143.6544218977659
0,11,0,0.0777246995103788,-181.90240299283505,0.0777246995103788,-181.90240299283505
0,11,1,0.0001,195.0210528894211,0.0001,195.0210528894211
0,11,2,0.0243568481117486,-664.6264546480222,0.0001,195.0210528894211
0,11,3,0.1,-197.2162947143973,0.0001,195.0210528894211
0,11,4,0.0001,193.38029355261884,0.0001,195.0210528894211
0,11,5,0.0571904328048229,-694.2123698965516,0.0001,195.0210528894211
0,11,6,0.0034048498373478,60.71189319034538,0.0001,195.0210528894211
0,11,7,0.0001,-14.099369496127863,0.0001,195.0210528894211
0,11,8,0.0001,209.54681075312376,0.0001,209.54681075312376
0,11,9,0.0001,152.51730678775107,0.0001,209.54681075312376
0,11,10,0.0001,-49.45371203408857,0.0777246995103788,209.54681075312376
0,11,11,0.0001,100.39387347671828,0.0777246995103788,209.54681075312376
0,11,12,0.0886456004321575,-914.9661113501222,0.0777246995103788,209.54681075312376
0,11,13,0.0702378407716751,-191.8770910461701,0.0777246995103788,209.54681075312376
0,11,14,0.0099767484597861,-226.7145294898577,0.0777246995103788,209.54681075312376
0,11,15,0.0404010001540184,-762.1357583086705,0.0777246995103788,209.54681075312376
0,11,16,0.003424311017245,-198.26791247109665,0.0777246995103788,209.54681075312376
0,11,17,0.0001,83.07981894493872,0.0777246995103788,209.54681075312376
0,11,18,0.0001,-13.54559626606344,0.0777246995103788,209.54681075312376
0,11,19,0.0157059973075985,-789.6964288844877,0.0777246995103788,209.54681075312376
0,11,20,0.0654265658020973,-736.4184535585126,0.0777246995103788,209.54681075312376
0,11,21,0.0740756317436695,-995.7068563028693,0.0777246995103788,209.54681075312376
0,11,22,0.0001,-38.15674231598298,0.0777246995103788,209.54681075312376
0,11,23,0.0001,-43.45067112644136,0.0777246995103788,209.54681075312376
0,11,24,0.0001,60.05608002476281,0.0777246995103788,209.54681075312376
0,11,25,0.0001,169.4465918949743,0.0777246995103788,209.54681075312376
0,12,0,0.008237940190663,-612.122050831025,0.008237940190663,-612.122050831025
0,12,1,0.1,-166.7442323864419,0.1,-166.7442323864419
0,12,2,0.0715785807132721,-779.666690130521,0.1,-166.7442323864419
0,12,3,0.1,-1306.4439574489832,0.1,-166.7442323864419
0,12,4,0.0363902576357126,-1469.6206004765347,0.1,-166.7442323864419
0,12,5,0.0001,147.59328552546378,0.0001,147.59328552546378
0,12,6,0.0001,-74.62294906053339,0.0001,147.59328552546378
0,12,7,0.0001,-103.98280873931748,0.0001,147.59328552546378
0,12,8,0.0001,-81.23990439828054,0.0001,147.59328552546378
0,12,9,0.0001,-30.41319211410472,0.0001,147.59328552546378
0,12,10,0.0001,17.638190059562532,0.0001,147.59328552546378
0,12,11,0.0001,103.97103907606817,0.0001,147.59328552546378
0,12,12,0.0001,94.49937802120088,0.0001,147.59328552546378
0,12,13,0.0001,206.1097361722167,0.0001,206.1097361722167
0,12,14,0.0001,98.1517065088903,0.0001,206.1097361722167
0,12,15,0.0001,122.91074399753862,0.0001,206.1097361722167
0,12,16,0.0001,121.89234699993848,0.0001,206.1097361722167
0,12,17,0.0001,-44.37809394089225,0.008237940190663,206.1097361722167
0,12,18,0.0851035160839557,-1495.1796906939317,0.008237940190663,206.1097361722167
0,12,19,0.057035949152708,-155.3416595022326,0.008237940190663,206.1097361722167
0,12,20,0.0610850118815898,-168.81564637004632,0.008237940190663,206.1097361722167
0,12,21,0.0523529341995716,-165.21572322934412,0.008237940190663,206.1097361722167
0,12,22,0.0586291124284267,-773.173453432666,0.008237940190663,206.1097361722167
0,12,23,0.0001,-3.793869000956107,0.008237940190663,206.1097361722167
0,12,24,0.018203972774744,-1223.18360646245,0.008237940190663,206.1097361722167
0,12,25,0.0001,-48.774993676877855,0.008237940190663,206.1097361722167
0,13,0,0.0653462481749502,-165.8463163296556,0.0653462481749502,-165.8463163296556
0,13,1,0.0001,115.14663645911811,0.0001,115.14663645911811
0,13,2,0.0199847073927521,-198.1380261451729,0.0001,115.14663645911811
0,13,3,0.1,-158.2843728932094,0.0001,115.14663645911811
0,13,4,0.0001,62.97055136799612,0.0001,115.14663645911811
0,13,5,0.0001,-104.59114782257532,0.0001,115.14663645911811
0,13,6,0.0001,173.8593789487942,0.0001,173.8593789487942
0,13,7,0.042551222166419,-711.9124145738945,0.0001,173.8593789487942
0,13,8,0.0821700058639049,-1249.2237699375871,0.0653462481749502,173.8593789487942
0,13,9,0.0083005444154143,-151.1941621550069,0.0653462481749502,173.8593789487942
0,13,10,0.0572061229228973,-719.7818549388712,0.0653462481749502,173.8593789487942
0,13,11,0.0291271114349365,-1843.46458533206,0.0653462481749502,173.8593789487942
0,13,12,0.0147993273109197,-168.7007189306198,0.0653462481749502,173.8593789487942
0,13,13,0.0033890994299203,219.4337689328337,0.0033890994299203,219.4337689328337
0,13,14,0.0033517431046813,-134.4967427980505,0.0033890994299203,219.4337689328337
0,13,15,0.0708269674897194,-1610.76020671781,0.0033890994299203,219.4337689328337
0,13,16,0.0937575778543949,-1063.0639138177178,0.0033890994299203,219.4337689328337
0,13,17,0.0623368451237678,-624.4605561545491,0.0033890994299203,219.4337689328337
0,13,18,0.0495250390172004,-726.1013413046271,0.0033890994299203,219.4337689328337
0,13,19,0.0046434205383062,22.82035253741472,0.0033890994299203,219.4337689328337
0,13,20,0.0019992698129266,236.59168863082343,0.0019992698129266,236.59168863082343
0,13,21,0.0019671441473066,137.70491884010573,0.0019992698129266,236.59168863082343
0,13,22,0.0115481681197881,-168.16395744564892,0.0019992698129266,236.59168863082343
0,13,23,0.0019116517053917,125.22027976424609,0.0019992698129266,236.59168863082343
0,13,24,0.0173677728444337,-184.60149275474348,0.0019992698129266,236.59168863082343
0,13,25,0.0018595857083797,89.20765400200803,0.0653462481749502,236.59168863082343
0,14,0,0.0418146916722067,-1118.5548905995588,0.0418146916722067,-1118.5548905995588
0,14,1,0.1,-736.1990948274458,0.1,-736.1990948274458
0,14,2,0.0001,25.09634091242735,0.0001,25.09634091242735
0,14,3,0.0001,6.184479384156489,0.0001,25.09634091242735
0,14,4,0.0101017342433333,-257.0355642868142,0.0001,25.09634091242735
0,14,5,0.0001,57.61346873134954,0.0001,57.61346873134954
0,14,6,0.0001,113.79509958149691,0.0001,113.79509958149691
0,14,7,0.0753940958857536,-703.9656899155489,0.0001,113.79509958149691
0,14,8,0.0001,41.53473702919116,0.0001,113.79509958149691
0,14,9,0.0001,-77.50116281278221,0.0001,113.79509958149691
0,14,10,0.0001,47.92189534296935,0.0001,113.79509958149691
0,14,11,0.0001,43.08142166734375,0.0001,113.79509958149691
0,14,12,0.0001431665488285,207.50977764582976,0.0001431665488285,207.50977764582976
0,14,13,0.0199060126677155,-188.42031761250155,0.0001431665488285,207.50977764582976
0,14,14,0.0609669340670108,-613.662647062187,0.0001431665488285,207.50977764582976
0,14,15,0.0272899623572826,-165.82967807101292,0.0001431665488285,207.50977764582976
0,14,16,0.0878746529340744,-768.6578785233835,0.0001431665488285,207.50977764582976
0,14,17,0.0039381958782672,-290.51885750868644,0.0001431665488285,207.50977764582976
0,14,18,0.0233234632924199,-689.5122836886487,0.0001431665488285,207.50977764582976
0,14,19,0.0001,190.6746635843839,0.0001431665488285,207.50977764582976
0,14,20,0.0001,98.33524754818347,0.0001431665488285,207.50977764582976
0,14,21,0.0001,-106.1136788289166,0.0001431665488285,207.50977764582976
0,14,22,0.0001,-35.28652094845318,0.0001431665488285,207.50977764582976
0,14,23,0.0001,70.61490577519446,0.0001431665488285,207.50977764582976
0,14,24,0.0078213921763002,-140.34042553922416,0.0001431665488285,207.50977764582976
0,14,25,0.000136879208975,173.45822625537426,0.0001431665488285,207.50977764582976
1,0,0,0.0936294299045229,-752.9664534696269,0.0936294299045229,-752.9664534696269
1,0,1,0.0310797172005826,-1044.127597123634,0.0936294299045229,-752.9664534696269
1,0,2,0.0641341895200139,-694.0999664916383,0.0641341895200139,-694.0999664916383
1,0,3,0.031492011514141,-721.3595287307262,0.0641341895200139,-694.0999664916383
1,0,4,0.0600421834418212,-714.9692300059755,0.0641341895200139,-694.0999664916383
1,0,5,0.0744034371349167,-768.3802219059849,0.0001431665488285,207.50977764582976
1,0,6,0.0484643095353736,-159.4030548214403,0.0001431665488285,207.50977764582976
1,0,7,0.0446570630512465,-783.7794176294195,0.0001431665488285,207.50977764582976
1,0,8,0.0066615455194116,-256.99478954750094,0.0001431665488285,207.50977764582976
1,0,9,0.0734266268965942,-188.08007187028272,0.0001431665488285,207.50977764582976
1,0,10,0.0561716198868604,-769.7303725365632,0.0001431665488285,207.50977764582976
1,0,11,0.0063381127554887,-578.631828127089,0.0001431665488285,207.50977764582976
1,0,12,0.0331706656764913,-702.8272498989303,0.0001431665488285,207.50977764582976
1,0,13,0.0567284819199017,-665.4986286662429,0.0001431665488285,207.50977764582976
1,0,14,0.0679276012282514,-1320.8288189067562,0.0001431665488285,207.50977764582976
1,0,15,0.0511663065577733,-756.4429276938629,0.0001431665488285,207.50977764582976
1,0,16,0.0963226221773553,-1548.0186729640436,0.0001431665488285,207.50977764582976
1,0,17,0.0399977351637893,-1431.8729157089315,0.0001431665488285,207.50977764582976
1,0,18,0.0612745167604784,-168.83149127044516,0.0001431665488285,207.50977764582976
1,0,19,0.0080267170675074,-264.0482238018867,0.0001431665488285,207.50977764582976
1,0,20,0.0572730057213132,-176.3023757657829,0.0001431665488285,207.50977764582976
1,0,21,0.0809704696318616,-749.6744114423644,0.0001431665488285,207.50977764582976
1,0,22,0.0603804149188541,-754.885153296049,0.0001431665488285,207.50977764582976
1,0,23,0.0807648591142409,-155.11964600189248,0.0001431665488285,207.50977764582976
1,0,24,0.0953447084332521,-1286.6914307832988,0.0001431665488285,207.50977764582976
1,0,25,0.0016447224286879,260.17484331113815,0.0016447224286879,260.17484331113815
1,1,0,0.0427347277224717,-2015.685497204807,0.0427347277224717,-2015.685497204807
1,1,1,0.0715075178596677,-1376.4008042879022,0.0715075178596677,-1376.4008042879022
1,1,2,0.0113613020380012,-481.8195855788557,0.0113613020380012,-481.8195855788557
1,1,3,0.0332119879208466,-747.4935911767029,0.0113613020380012,-481.8195855788557
1,1,4,0.0641956723364735,-1487.290913068516,0.0113613020380012,-481.8195855788557
1,1,5,0.0457490744915146,-1238.0003185284668,0.0113613020380012,-481.8195855788557
1,1,6,0.049838425196217,-798.7661502013905,0.0113613020380012,-481.8195855788557
1,1,7,0.0465076225906845,-1136.626628998156,0.0001431665488285,207.50977764582976
1,1,8,0.0111443067719784,-176.18819688284196,0.0001431665488285,207.50977764582976
1,1,9,0.0672923244916183,-1583.5236362271874,0.0001431665488285,207.50977764582976
1,1,10,0.0916808167426387,-153.07839013508658,0.0001431665488285,207.50977764582976
1,1,11,0.0366981683005955,-223.4717886034344,0.0001431665488285,207.50977764582976
1,1,12,0.0415271620486507,-172.745290591387,0.0001431665488285,207.50977764582976
1,1,13,0.091964939862946,-172.21512566580333,0.0001431665488285,207.50977764582976
1,1,14,0.063814043542544,-804.7578921440985,0.0001431665488285,207.50977764582976
1,1,15,0.0745406200814305,-167.39302695939588,0.0001431665488285,207.50977764582976
1,1,16,0.0152887263269531,-169.463485147099,0.0001431665488285,207.50977764582976
1,1,17,0.0894344801570833,-824.2867974206758,0.0001431665488285,207.50977764582976
1,1,18,0.0759056905118181,-697.8221757769915,0.0001431665488285,207.50977764582976
1,1,19,0.0729257491455749,-736.1381263392329,0.0001431665488285,207.50977764582976
1,1,20,0.0986251004862563,-1240.336445991588,0.0001431665488285,207.50977764582976
1,1,21,0.0594715557239117,-1468.276154621061,0.0001431665488285,207.50977764582976
1,1,22,0.0878169272225798,-1076.8000973782878,0.0001431665488285,207.50977764582976
1,1,23,0.0378639045074643,-1282.270992007107,0.0001431665488285,207.50977764582976
1,1,24,0.0846905897258832,-194.3778090806554,0.0001431665488285,207.50977764582976
1,1,25,0.0886286234200964,-179.36205455094944,0.0001431665488285,207.50977764582976
1,2,0,0.0308496155401622,-669.1430861279606,0.0308496155401622,-669.1430861279606
1,2,1,0.0866118375815208,-782.4037525815118,0.0308496155401622,-669.1430861279606
1,2,2,0.0536678138265456,-1883.012129774913,0.0308496155401622,-669.1430861279606
1,2,3,0.0354374875296113,-169.67972599661354,0.0354374875296113,-169.67972599661354
1,2,4,0.0227734652275128,-155.64544480214852,0.0227734652275128,-155.64544480214852
1,2,5,0.0710093054880909,-168.45948068518288,0.0227734652275128,-155.64544480214852
1,2,6,0.0526560279170383,-1227.7121548079049,0.0227734652275128,-155.64544480214852
1,2,7,0.0096085315629941,-855.3481177739261,0.0227734652275128,-155.64544480214852
1,2,8,0.0326379511340521,-163.56964111166835,0.0001431665488285,207.50977764582976
1,2,9,0.0235298200719336,-1168.7937865743734,0.0001431665488285,207.50977764582976
1,2,10,0.0001229304424979,-17.372957702471197,0.0001431665488285,207.50977764582976
1,2,11,0.0543627999287606,-678.4441825083572,0.0001431665488285,207.50977764582976
1,2,12,0.0628937886475075,-797.5332013001108,0.0001431665488285,207.50977764582976
1,2,13,0.0929003055667351,-1201.493662641277,0.0001431665488285,207.50977764582976
1,2,14,0.0745072443729194,-739.1600950314466,0.0001431665488285,207.50977764582976
1,2,15,0.0422566610464972,-167.0359202247181,0.0001431665488285,207.50977764582976
1,2,16,0.0418499855962911,-146.78480476819294,0.0001431665488285,207.50977764582976
1,2,17,0.0613204247056355,-157.64296946578833,0.0001431665488285,207.50977764582976
1,2,18,0.0825159059851293,-2385.3409276828875,0.0001431665488285,207.50977764582976
1,2,19,0.0268223131644441,-1788.8072255182858,0.0001431665488285,207.50977764582976
1,2,20,0.0719509405268083,-1033.823239956355,0.0001431665488285,207.50977764582976
1,2,21,0.0761543622402977,-178.2514909638361,0.0001431665488285,207.50977764582976
1,2,22,0.0530895913971522,-165.30557136240765,0.0001431665488285,207.50977764582976
1,2,23,0.0083436250898018,-366.0767322605452,0.0001431665488285,207.50977764582976
1,2,24,0.0185772668301108,-163.34737973441975,0.0001431665488285,207.50977764582976
1,2,25,0.0214323952355104,-168.88274519005418,0.0001431665488285,207.50977764582976
1,3,0,0.001439354844369,243.8952330523736,0.001439354844369,243.8952330523736
1,3,1,0.0464178426468216,-953.7313196885716,0.0001431665488285,207.50977764582976
1,3,2,0.0386827963348578,-722.585965110922,0.0001431665488285,207.50977764582976
1,3,3,0.0251636883339662,-167.16820610891529,0.0001431665488285,207.50977764582976
1,3,4,0.0418814164819934,-796.3605749723188,0.0001431665488285,207.50977764582976
1,3,5,0.0035148535173128,234.5958813442845,0.0035148535173128,234.5958813442845
1,3,6,0.0707689394641207,-1244.218286585266,0.0035148535173128,234.5958813442845
1,3,7,0.0723337541665408,-167.68979972049416,0.0035148535173128,234.5958813442845
1,3,8,0.0021108388604816,242.90035592795743,0.0021108388604816,242.90035592795743
1,3,9,0.0518498847622355,-1355.4821574350733,0.0021108388604816,242.90035592795743
1,3,10,0.0638788979852475,-789.0255982362852,0.0021108388604816,242.90035592795743
1,3,11,0.092797814976991,-169.09947427855985,0.0021108388604816,242.90035592795743
1,3,12,0.0139147474915063,-157.12045161546556,0.0021108388604816,242.90035592795743
1,3,13,0.0062697243467414,-563.5819571806093,0.0021108388604816,242.90035592795743
1,3,14,0.0723189077062253,-167.09825773336985,0.0021108388604816,242.90035592795743
1,3,15,0.0345708869112239,-1181.4799548602407,0.0001431665488285,207.50977764582976
1,3,16,0.0095434313751347,-1044.396648761192,0.0001431665488285,207.50977764582976
1,3,17,0.0334698680522983,-648.9312134136475,0.0001431665488285,207.50977764582976
1,3,18,0.0822365429610818,-186.09228473622537,0.0001431665488285,207.50977764582976
1,3,19,0.0831676090952346,-789.7866991144177,0.0001431665488285,207.50977764582976
1,3,20,0.0057099910598805,68.61250231382859,0.0001431665488285,207.50977764582976
1,3,21,0.0663427080714452,-170.43216803885835,0.0001431665488285,207.50977764582976
1,3,22,0.0352556437278897,-734.1200230828024,0.0001431665488285,207.50977764582976
1,3,23,0.0871354879738961,-690.4788774139669,0.0001431665488285,207.50977764582976
1,3,24,0.0920178877993577,-173.1070403067984,0.0001431665488285,207.50977764582976
1,3,25,0.0723423732897326,-648.892728447298,0.0001431665488285,207.50977764582976
1,4,0,0.0108935068645842,-169.50498586620378,0.0108935068645842,-169.50498586620378
1,4,1,0.0737362629613985,-1943.68211870574,0.0108935068645842,-169.50498586620378
1,4,2,0.0311102570089425,-159.31088621530702,0.0311102570089425,-159.31088621530702
1,4,3,0.0402444021038607,-172.0905407269129,0.0311102570089425,-159.31088621530702
1,4,4,0.0780625756615162,-182.20254822712485,0.0311102570089425,-159.31088621530702
1,4,5,0.033584031714129,-752.8237294575406,0.0001431665488285,207.50977764582976
1,4,6,0.0215222459899522,-153.9582741062403,0.0001431665488285,207.50977764582976
1,4,7,0.086204228051767,-1529.3230956564005,0.0001431665488285,207.50977764582976
1,4,8,0.0725521262932108,-708.3634639351593,0.0001431665488285,207.50977764582976
1,4,9,0.0022480880524588,191.43391893321387,0.0001431665488285,207.50977764582976
1,4,10,0.0526422644496006,-1145.843230855212,0.0001431665488285,207.50977764582976
1,4,11,0.0278295030008956,-786.4813403624388,0.0001431665488285,207.50977764582976
1,4,12,0.0222907293601332,-184.21497772239587,0.0001431665488285,207.50977764582976
1,4,13,0.0466979844534521,-167.18974682488377,0.0001431665488285,207.50977764582976
1,4,14,0.030324449673488,-678.0533750910342,0.0001431665488285,207.50977764582976
1,4,15,0.0417568857754496,-638.3533804268532,0.0001431665488285,207.50977764582976
1,4,16,0.060350074269009,-168.63111004965708,0.0001431665488285,207.50977764582976
1,4,17,0.0594021974307375,-760.2793835936595,0.0001431665488285,207.50977764582976
1,4,18,0.0714798945405961,-1576.81431538381,0.0001431665488285,207.50977764582976
1,4,19,0.0275314105792733,-761.3581113660368,0.0001431665488285,207.50977764582976
1,4,20,0.0386654226752258,-163.91496192729227,0.0001431665488285,207.50977764582976
1,4,21,0.0238513306202398,-699.3906170797695,0.0001431665488285,207.50977764582976
1,4,22,0.0647872130055702,-804.0953380560052,0.0001431665488285,207.50977764582976
1,4,23,0.0406303280276601,-163.87623902051945,0.0001431665488285,207.50977764582976
1,4,24,0.0995714620349824,-189.80801105606616,0.0001431665488285,207.50977764582976
1,4,25,0.027472805608271,-779.791967819681,0.0001431665488285,207.50977764582976
1,5,0,0.0739413090846877,-737.8285882284948,0.0739413090846877,-737.8285882284948
1,5,1,0.0667799659503824,-190.36476556258705,0.0667799659503824,-190.36476556258705
1,5,2,0.0437147576716906,-733.8764084313634,0.0667799659503824,-190.36476556258705
1,5,3,0.0670502588383609,-739.1589017109877,0.0667799659503824,-190.36476556258705
1,5,4,0.0914529527463611,-175.19286821040478,0.0914529527463611,-175.19286821040478
1,5,5,0.0559948615332738,-894.0140598288967,0.0914529527463611,-175.19286821040478
1,5,6,0.0671526871505473,-165.4940827064387,0.0671526871505473,-165.4940827064387
1,5,7,0.0488505751336929,-2000.738881210808,0.0001431665488285,207.50977764582976
1,5,8,0.0549060834086091,-178.7325835809826,0.0001431665488285,207.50977764582976
1,5,9,0.0018478299247496,238.486184481737,0.0018478299247496,238.486184481737
1,5,10,0.0078133341718787,-448.2966154656357,0.0018478299247496,238.486184481737
1,5,11,0.0714998000021585,-705.5184186789127,0.0018478299247496,238.486184481737
1,5,12,0.0360777187855579,-159.79252763211343,0.0018478299247496,238.486184481737
1,5,13,0.0553209366273929,-184.11206268028064,0.0018478299247496,238.486184481737
1,5,14,0.0511328542852949,-727.5816153548363,0.0018478299247496,238.486184481737
1,5,15,0.0295018032245812,-168.64793396195,0.0018478299247496,238.486184481737
1,5,16,0.0589567987686577,-793.9947500246326,0.0018478299247496,238.486184481737
1,5,17,0.0245328910100848,-705.4130047536289,0.0018478299247496,238.486184481737
1,5,18,0.0337648903545776,-1224.221123799044,0.0018478299247496,238.486184481737
1,5,19,0.0515859641131464,-626.9107928072873,0.0018478299247496,238.486184481737
1,5,20,0.0921234612481654,-729.625897215437,0.0018478299247496,238.486184481737
1,5,21,0.0163141609673092,-196.24650156772785,0.0001431665488285,207.50977764582976
1,5,22,0.0836436610230491,-170.78657274780764,0.0001431665488285,207.50977764582976
1,5,23,0.0334661770892484,-165.4604762163489,0.0001431665488285,207.50977764582976
1,5,24,0.0442412465525414,-157.36589549557883,0.0001431665488285,207.50977764582976
1,5,25,0.0730049503791165,-772.9362986960315,0.0001431665488285,207.50977764582976
1,6,0,0.039124637840585,-1389.1530879158222,0.039124637840585,-1389.1530879158222
1,6,1,0.0694156504370219,-165.26419518940162,0.0694156504370219,-165.26419518940162
1,6,2,0.0715566616008631,-788.753167790739,0.0694156504370219,-165.26419518940162
1,6,3,0.0596611591601832,-760.5061648640122,0.0694156504370219,-165.26419518940162
1,6,4,0.0705233852516194,-167.50350672788608,0.0694156504370219,-165.26419518940162
1,6,5,0.028466063756522,-156.13259452709494,0.028466063756522,-156.13259452709494
1,6,6,0.0635022626298921,-1115.557245522617,0.028466063756522,-156.13259452709494
1,6,7,0.0991142261250045,-1308.3936985370838,0.028466063756522,-156.13259452709494
1,6,8,0.0668125577530206,-1429.8615931944555,0.028466063756522,-156.13259452709494
1,6,9,0.0027399627338514,83.72978994084825,0.0027399627338514,83.72978994084825
1,6,10,0.0584074851773222,-707.7770239041765,0.0001431665488285,207.50977764582976
1,6,11,0.0694391103552557,-740.5381212776487,0.0001431665488285,207.50977764582976
1,6,12,0.0559544217663642,-162.9533723408152,0.0001431665488285,207.50977764582976
1,6,13,0.0552311100798395,-212.43770076920623,0.0001431665488285,207.50977764582976
1,6,14,0.0485130082193968,-1307.271642358333,0.0001431665488285,207.50977764582976
1,6,15,0.066834538328843,-175.57570711593783,0.0001431665488285,207.50977764582976
1,6,16,0.0640256433596935,-797.3606078448933,0.0001431665488285,207.50977764582976
1,6,17,0.0738579666577129,-160.32436497776442,0.0001431665488285,207.50977764582976
1,6,18,0.0665699397294692,-755.2434455145501,0.0001431665488285,207.50977764582976
1,6,19,0.0862543034292371,-171.1475560727515,0.0001431665488285,207.50977764582976
1,6,20,0.0571836720377891,-782.6079911605046,0.0001431665488285,207.50977764582976
1,6,21,0.0883824288228255,-693.1443418852642,0.0001431665488285,207.50977764582976
1,6,22,0.0786927058629064,-804.2543048686214,0.0001431665488285,207.50977764582976
1,6,23,0.0183943480816329,-739.8479224909997,0.0001431665488285,207.50977764582976
1,6,24,0.0570650715564477,-172.72927714791336,0.0001431665488285,207.50977764582976
1,6,25,0.0416972599932677,-1190.176074630152,0.0001431665488285,207.50977764582976
1,7,0,0.012917291325744,-175.6095334047282,0.012917291325744,-175.6095334047282
1,7,1,0.0321056721903159,-172.2481717434199,0.0321056721903159,-172.2481717434199
1,7,2,0.0424898728627737,-659.6880547880386,0.0321056721903159,-172.2481717434199
1,7,3,0.019078839075324,-1688.3070677026503,0.0321056721903159,-172.2481717434199
1,7,4,0.0380688095460118,-178.1212164463219,0.0321056721903159,-172.2481717434199
1,7,5,0.0170726012531779,-163.201813145992,0.0170726012531779,-163.201813145992
1,7,6,0.0657091939995783,-761.0718870629901,0.0170726012531779,-163.201813145992
1,7,7,0.0854445491730149,-171.35031292426174,0.0170726012531779,-163.201813145992
1,7,8,0.0829734522071009,-178.95812773459613,0.0170726012531779,-163.201813145992
1,7,9,0.0527789465151047,-171.82729382103787,0.0001431665488285,207.50977764582976
1,7,10,0.071396316561023,-1153.393114281776,0.0001431665488285,207.50977764582976
1,7,11,0.0627938754732827,-769.3934704571635,0.0001431665488285,207.50977764582976
1,7,12,0.0549247127751272,-169.99496247750218,0.0001431665488285,207.50977764582976
1,7,13,0.0022692300242212,235.449975744639,0.0022692300242212,235.449975744639
1,7,14,0.042448652965941,-756.251993999428,0.0022692300242212,235.449975744639
1,7,15,0.0459786391897751,-1359.1940642998352,0.0022692300242212,235.449975744639
1,7,16,0.0379955711279219,-1205.943385347177,0.0022692300242212,235.449975744639
1,7,17,0.0478640718053385,-741.0847714071422,0.0022692300242212,235.449975744639
1,7,18,0.083485382541765,-714.0883149341846,0.0022692300242212,235.449975744639
1,7,19,0.0790772656348181,-1110.7965420177998,0.0022692300242212,235.449975744639
1,7,20,0.0609194751245238,-702.9746038064291,0.0022692300242212,235.449975744639
1,7,21,0.0045620763417841,55.99580191604312,0.0022692300242212,235.449975744639
1,7,22,0.0390423115924955,-2077.437031978142,0.0022692300242212,235.449975744639
1,7,23,0.0311660709655133,-291.5400399636721,0.0001431665488285,207.50977764582976
1,7,24,0.0665482644875738,-753.6367829241154,0.0001431665488285,207.50977764582976
1,7,25,0.040133772034877,-1186.0436753667602,0.0001431665488285,207.50977764582976
1,8,0,0.082102436527559,-809.4779190930174,0.082102436527559,-809.4779190930174
1,8,1,0.024215482324178,-172.70983959793745,0.024215482324178,-172.70983959793745
1,8,2,0.0822544239822387,-163.48095326856009,0.0822544239822387,-163.48095326856009
1,8,3,0.069589031679361,-784.3492760554338,0.0822544239822387,-163.48095326856009
1,8,4,0.0732498180126665,-156.90193676452512,0.0732498180126665,-156.90193676452512
1,8,5,0.0407355747005485,-1133.2483519111788,0.0732498180126665,-156.90193676452512
1,8,6,0.057680338335222,-780.1130516479634,0.0732498180126665,-156.90193676452512
1,8,7,0.0938118515501554,-168.416701704665,0.0732498180126665,-156.90193676452512
1,8,8,0.0612244204716939,-841.3917540757495,0.0732498180126665,-156.90193676452512
1,8,9,0.0203568345096087,-166.992221525159,0.0732498180126665,-156.90193676452512
1,8,10,0.0187739683260847,-142.83405367474583,0.0187739683260847,-142.83405367474583
1,8,11,0.0545868202383876,-782.0065691566496,0.0187739683260847,-142.83405367474583
1,8,12,0.0368564228583339,-798.634123451068,0.0187739683260847,-142.83405367474583
1,8,13,0.0628275921054372,-159.03898373173143,0.0001431665488285,207.50977764582976
1,8,14,0.0588747235836129,-738.6145598820101,0.0001431665488285,207.50977764582976
1,8,15,0.0156336599031293,-161.49540235667524,0.0001431665488285,207.50977764582976
1,8,16,0.0775926937642757,-175.37820616079486,0.0001431665488285,207.50977764582976
1,8,17,0.07728317551781,-159.62990745603105,0.0001431665488285,207.50977764582976
1,8,18,0.0768147954410603,-750.484964240545,0.0001431665488285,207.50977764582976
1,8,19,0.0595888122609581,-753.1432734942564,0.0001431665488285,207.50977764582976
1,8,20,0.0317172756911328,-718.1047586704888,0.0001431665488285,207.50977764582976
1,8,21,0.0459644762501999,-1671.1828522368976,0.0001431665488285,207.50977764582976
1,8,22,0.0106594294435572,-167.33565675047456,0.0001431665488285,207.50977764582976
1,8,23,0.0169348646052451,-196.7177863362037,0.0001431665488285,207.50977764582976
1,8,24,0.0508108399500097,-628.9955084277923,0.0001431665488285,207.50977764582976
1,8,25,0.0775621156715079,-810.1965405220177,0.0001431665488285,207.50977764582976
1,9,0,0.0683887818959161,-189.162130372307,0.0683887818959161,-189.162130372307
1,9,1,0.0796505892747806,-1604.0066314097733,0.0683887818959161,-189.162130372307
1,9,2,0.0995736563201598,-2026.9726040332089,0.0683887818959161,-189.162130372307
1,9,3,0.0662964157092512,-1259.804996793041,0.0683887818959161,-189.162130372307
1,9,4,0.0465291928970898,-1122.3570715741218,0.0683887818959161,-189.162130372307
1,9,5,0.0144564589214206,-174.11711628077762,0.0001431665488285,207.50977764582976
1,9,6,0.0228133919574157,-167.28334932172228,0.0001431665488285,207.50977764582976
1,9,7,0.0538345997480572,-723.6398951338238,0.0001431665488285,207.50977764582976
1,9,8,0.0106902128553765,-176.42168074906584,0.0001431665488285,207.50977764582976
1,9,9,0.0872220706488391,-1458.6296342395976,0.0001431665488285,207.50977764582976
1,9,10,0.0971586701524367,-2023.69488674403,0.0001431665488285,207.50977764582976
1,9,11,0.0290725402134925,-164.39997861711976,0.0001431665488285,207.50977764582976
1,9,12,0.0409694705187217,-193.12495882128985,0.0001431665488285,207.50977764582976
1,9,13,0.0306901777801173,-167.1683839247077,0.0001431665488285,207.50977764582976
1,9,14,0.0631107076721708,-837.0677549567232,0.0001431665488285,207.50977764582976
1,9,15,0.0612163408513665,-164.3513307390939,0.0001431665488285,207.50977764582976
1,9,16,0.0375730203194236,-722.7476966811963,0.0001431665488285,207.50977764582976
1,9,17,0.0226721004547249,-153.9323563962735,0.0001431665488285,207.50977764582976
1,9,18,0.0891198332192824,-735.956865963997,0.0001431665488285,207.50977764582976
1,9,19,0.0745125288974149,-165.85394133786562,0.0001431665488285,207.50977764582976
1,9,20,0.0713512273547448,-774.3752557514567,0.0001431665488285,207.50977764582976
1,9,21,0.0964825196774457,-693.2794372692629,0.0001431665488285,207.50977764582976
1,9,22,0.0468666552880871,-1190.680713223401,0.0001431665488285,207.50977764582976
1,9,23,0.0925023975324718,-847.0632065881999,0.0001431665488285,207.50977764582976
1,9,24,0.016872184616707,-1354.84583057869,0.0001431665488285,207.50977764582976
1,9,25,0.0268817350180368,-195.04932401641,0.0001431665488285,207.50977764582976
1,10,0,0.043773090643372,-178.0761817237993,0.043773090643372,-178.0761817237993
1,10,1,0.0421970748039032,-192.9805656534549,0.043773090643372,-178.0761817237993
1,10,2,0.0406802891429963,-163.73958800834197,0.0406802891429963,-163.73958800834197
1,10,3,0.05930468239878,-172.75745052150546,0.0406802891429963,-163.73958800834197
1,10,4,0.0413164307656208,-158.80067142911014,0.0413164307656208,-158.80067142911014
1,10,5,0.0511268577240973,-723.9422859420224,0.0413164307656208,-158.80067142911014
1,10,6,0.0456171148224753,-686.562833914212,0.0413164307656208,-158.80067142911014
1,10,7,0.0336487121566227,-718.6815732652517,0.0413164307656208,-158.80067142911014
1,10,8,0.075773814358612,-769.8344732624867,0.0413164307656208,-158.80067142911014
1,10,9,0.0755597753245626,-2270.1239632174893,0.0413164307656208,-158.80067142911014
1,10,10,0.0287403861048019,-756.0392109971525,0.0413164307656208,-158.80067142911014
1,10,11,0.0117430063105177,-152.18014959567952,0.0117430063105177,-152.18014959567952
1,10,12,0.0997402668576537,-1001.35298680877,0.0001431665488285,207.50977764582976
1,10,13,0.0078699709948213,-554.9076507421281,0.0001431665488285,207.50977764582976
1,10,14,0.0945912978176219,-158.62541431154702,0.0001431665488285,207.50977764582976
1,10,15,0.027144202091216,-154.54865652915043,0.0001431665488285,207.50977764582976
1,10,16,0.0041907187809059,-64.92026463569476,0.0001431665488285,207.50977764582976
1,10,17,0.0063050813223567,-99.40077166603366,0.0001431665488285,207.50977764582976
1,10,18,0.0353584668237101,-171.40504401722364,0.0001431665488285,207.50977764582976
1,10,19,0.0388179926399972,-1358.3317074352574,0.0001431665488285,207.50977764582976
1,10,20,0.061384435341183,-157.16339764753124,0.0001431665488285,207.50977764582976
1,10,21,0.0413295905965537,-683.8542879023393,0.0001431665488285,207.50977764582976
1,10,22,0.0264622679264333,-702.9118235822384,0.0001431665488285,207.50977764582976
1,10,23,0.0882890407869349,-646.9665519026054,0.0001431665488285,207.50977764582976
1,10,24,0.0646690157212503,-174.47322483144205,0.0001431665488285,207.50977764582976
1,10,25,0.0119992330334634,-162.34423130866872,0.0001431665488285,207.50977764582976
1,11,0,0.065303777994243,-157.78857600293952,0.065303777994243,-157.78857600293952
1,11,1,0.0420983105698698,-685.4632395689146,0.065303777994243,-157.78857600293952
1,11,2,0.0365186736593977,-157.72139408041838,0.0365186736593977,-157.72139408041838
1,11,3,0.0941278788765685,-801.0840792374271,0.0365186736593977,-157.72139408041838
1,11,4,0.0355448819712516,-1251.866297585755,0.0365186736593977,-157.72139408041838
1,11,5,0.0506774135141377,-175.31343450746388,0.0365186736593977,-157.72139408041838
1,11,6,0.0548569921234124,-1353.6434438943984,0.0365186736593977,-157.72139408041838
1,11,7,0.0920290824741691,-713.5009725075219,0.0001431665488285,207.50977764582976
1,11,8,0.0385202246420221,-179.87999835409823,0.0001431665488285,207.50977764582976
1,11,9,0.0945608077326472,-163.74171993668227,0.0001431665488285,207.50977764582976
1,11,10,0.0561633750469914,-179.31190543068982,0.0001431665488285,207.50977764582976
1,11,11,0.043290973591666,-934.0039748081527,0.0001431665488285,207.50977764582976
1,11,12,0.0154333888913061,-172.3098173692214,0.0001431665488285,207.50977764582976
1,11,13,0.0863647637443271,-161.14761031378495,0.0001431665488285,207.50977764582976
1,11,14,0.0668989935448636,-770.7215148067912,0.0001431665488285,207.50977764582976
1,11,15,0.0655203568230544,-751.6160751661006,0.0001431665488285,207.50977764582976
1,11,16,0.0410312932799678,-1044.1346580895106,0.0001431665488285,207.50977764582976
1,11,17,0.0329881624367103,-156.07560200185813,0.0001431665488285,207.50977764582976
1,11,18,0.0560255454697627,-1168.19324464769,0.0001431665488285,207.50977764582976
1,11,19,0.0626988633808719,-168.34036873123466,0.0001431665488285,207.50977764582976
1,11,20,0.0418954516897917,-798.6862937710696,0.0001431665488285,207.50977764582976
1,11,21,0.0502258946063608,-163.3364141259655,0.0001431665488285,207.50977764582976
1,11,22,0.0253957981491634,-164.9464933080434,0.0001431665488285,207.50977764582976
1,11,23,0.0166973614490776,-175.443513335995,0.0001431665488285,207.50977764582976
1,11,24,0.0781124212820382,-1315.089054443279,0.0001431665488285,207.50977764582976
1,11,25,0.0937536795904467,-172.2818970102668,0.0001431665488285,207.50977764582976
1,12,0,0.0860328462158917,-1077.8423130796623,0.0860328462158917,-1077.8423130796623
1,12,1,0.0579766611140334,-178.0436872435431,0.0579766611140334,-178.0436872435431
1,12,2,0.0739732224537914,-164.33014581396137,0.0739732224537914,-164.33014581396137
1,12,3,0.0870065171495575,-152.36712283390145,0.0870065171495575,-152.36712283390145
1,12,4,0.036388660571455,-1521.3892387379349,0.0870065171495575,-152.36712283390145
1,12,5,0.00058532106053,120.58613935267962,0.00058532106053,120.58613935267962
1,12,6,0.0538972534656671,-734.4362271085449,0.0001431665488285,207.50977764582976
1,12,7,0.0783946549982707,-737.4380560814951,0.0001431665488285,207.50977764582976
1,12,8,0.0195753335812066,-193.90633961447128,0.0001431665488285,207.50977764582976
1,12,9,0.0156029065319062,-170.09140649529922,0.0001431665488285,207.50977764582976
1,12,10,0.0666737953003271,-159.81289410077227,0.0001431665488285,207.50977764582976
1,12,11,0.0558102356781317,-1148.36770485723,0.0001431665488285,207.50977764582976
1,12,12,0.0738280175712939,-149.91198419453255,0.0001431665488285,207.50977764582976
1,12,13,0.0931834033261775,-162.2198215443009,0.0001431665488285,207.50977764582976
1,12,14,0.0470945050242392,-805.7789659608512,0.0001431665488285,207.50977764582976
1,12,15,0.0833006818815083,-164.21455687505684,0.0001431665488285,207.50977764582976
1,12,16,0.0490823650658167,-1095.9659130742157,0.0001431665488285,207.50977764582976
1,12,17,0.0556995969933755,-980.8189471372336,0.0001431665488285,207.50977764582976
1,12,18,0.0404506844464627,-160.29939497178307,0.0001431665488285,207.50977764582976
1,12,19,0.0855255898348892,-1341.5497105186537,0.0001431665488285,207.50977764582976
1,12,20,0.0795946240074957,-793.7490845169593,0.0001431665488285,207.50977764582976
1,12,21,0.0192104379004378,-1350.249169495402,0.0001431665488285,207.50977764582976
1,12,22,0.0779421513471567,-741.8313432234767,0.0001431665488285,207.50977764582976
1,12,23,0.0449742687425667,-166.1894614670752,0.0001431665488285,207.50977764582976
1,12,24,0.043776161279802,-665.3523258947637,0.0001431665488285,207.50977764582976
1,12,25,0.086418815248878,-1786.1942488966208,0.0001431665488285,207.50977764582976
1,13,0,0.0613354151527769,-1107.1985916877002,0.0613354151527769,-1107.1985916877002
1,13,1,0.0861746465532081,-715.1197724255769,0.0861746465532081,-715.1197724255769
1,13,2,0.0313378377723672,-762.9258401718118,0.0861746465532081,-715.1197724255769
1,13,3,0.0174968210472459,-163.84329315108783,0.0174968210472459,-163.84329315108783
1,13,4,0.0818536680075197,-707.9393497772165,0.0174968210472459,-163.84329315108783
1,13,5,0.0302898983347629,-163.62125060401257,0.0302898983347629,-163.62125060401257
1,13,6,0.0113083506527659,-159.29943609944087,0.0113083506527659,-159.29943609944087
1,13,7,0.0693308447602496,-173.46396263425788,0.0113083506527659,-159.29943609944087
1,13,8,0.0083007126050105,-511.3035400104387,0.0113083506527659,-159.29943609944087
1,13,9,0.0706132187402947,-1518.7155280944537,0.0113083506527659,-159.29943609944087
1,13,10,0.0615436324330345,-1260.2451914606656,0.0113083506527659,-159.29943609944087
1,13,11,0.064347876359876,-157.73652310167228,0.064347876359876,-157.73652310167228
1,13,12,0.0381501482826977,-687.5154977578095,0.064347876359876,-157.73652310167228
1,13,13,0.0052286089925862,-314.48544540155746,0.064347876359876,-157.73652310167228
1,13,14,0.090551360875933,-162.71854814521134,0.064347876359876,-157.73652310167228
1,13,15,0.0470285236612519,-180.90166437216251,0.064347876359876,-157.73652310167228
1,13,16,0.0050805373057993,-205.24685476082053,0.064347876359876,-157.73652310167228
1,13,17,0.0492526250307455,-1384.4310199985257,0.064347876359876,-157.73652310167228
1,13,18,0.0528083095936607,-1562.8075881933212,0.064347876359876,-157.73652310167228
1,13,19,0.0422703170480425,-180.17383533262813,0.064347876359876,-157.73652310167228
1,13,20,0.0832339180723612,-1233.9875643530606,0.064347876359876,-157.73652310167228
1,13,21,0.0850860928782919,-159.45646782278743,0.064347876359876,-157.73652310167228
1,13,22,0.0637961007500839,-168.39278913498066,0.064347876359876,-157.73652310167228
1,13,23,0.0741494796343047,-198.4358501592647,0.064347876359876,-157.73652310167228
1,13,24,0.0340366966608169,-165.82115980564294,0.064347876359876,-157.73652310167228
1,13,25,0.090255977035677,-724.3467346448163,0.064347876359876,-157.73652310167228
1,14,0,0.0006208836204413,149.16894248648293,0.0006208836204413,149.16894248648293
1,14,1,0.07340636537543,-757.8711057577111,0.0006208836204413,149.16894248648293
1,14,2,0.0661906884561772,-753.226965756246,0.0006208836204413,149.16894248648293
1,14,3,0.0053810751419638,66.12706822525003,0.0006208836204413,149.16894248648293
1,14,4,0.0531448084596747,-173.5528876772301,0.0006208836204413,149.16894248648293
1,14,5,0.0746924247398621,-187.7190077952939,0.0006208836204413,149.16894248648293
1,14,6,0.053212439566824,-201.5024689295563,0.0006208836204413,149.16894248648293
1,14,7,0.0223800492909773,-154.7728130813769,0.0006208836204413,149.16894248648293
1,14,8,0.0852733822994945,-167.93135213037905,0.0006208836204413,149.16894248648293
1,14,9,0.0557300419199065,-1931.857025295212,0.0006208836204413,149.16894248648293
1,14,10,0.06256860466604383,-154.23014319482658,0.0001431665488285,207.50977764582976
1,14,11,0.09695925473444969,-725.413883652913,0.0001431665488285,207.50977764582976
1,14,12,0.0693717859981482,-187.49084984808204,0.0001431665488285,207.50977764582976
1,14,13,0.056405766563618134,-669.9554124232196,0.0001431665488285,207.50977764582976
1,14,14,0.055015556193427975,-620.9748631541373,0.0001431665488285,207.50977764582976
1,14,15,0.09647150286027666,-731.3325767513554,0.0001431665488285,207.50977764582976
1,14,16,0.00412493725814572,70.46976676262149,0.0001431665488285,207.50977764582976
1,14,17,0.026901102684525363,-1761.1310022324246,0.0001431665488285,207.50977764582976
1,14,18,0.03644935258338905,-207.59309017501784,0.0001431665488285,207.50977764582976
1,14,19,0.04257842841435148,-696.6093554417425,0.0001431665488285,207.50977764582976
1,14,20,0.05473900045923785,-1349.7127737803444,0.0001431665488285,207.50977764582976
1,14,21,0.02430776697845377,-2166.8476112167077,0.0001431665488285,207.50977764582976
1,14,22,0.09315352877465397,-745.7911569088944,0.0001431665488285,207.50977764582976
1,14,23,0.059529734602685555,-1370.7374738515064,0.0001431665488285,207.50977764582976
1,14,24,0.0093210389411828,-766.4445528620756,0.0001431665488285,207.50977764582976
1,14,25,0.02721796015301045,-772.7446634243723,0.0001431665488285,207.50977764582976
